barcode_list,UMI_Total_Count,Gene_Count,MT_Count,MT_Percent %
AACAACACGACTCATTCCGG,1090,742,0,0.0
AACAACACGATTGAGTCCAG,2062,1067,0,0.0
AACAAGTGATAGGCGGAAGC,1454,874,0,0.0
AACAAGTGATCAGTCGATCC,714,552,0,0.0
AACAAGTGATGCAACATATA,2275,1316,0,0.0
AACACACTACAGTGATATCA,1169,743,0,0.0
AACACACTACGAGACGCACG,837,518,0,0.0
AACAGAGGACACCGAAGGTC,616,373,0,0.0
AACAGAGGACATGAGACAGC,927,708,0,0.0
AACATAGGTAGCACGACGTA,664,491,0,0.0
AACATGTAACACTCCTGTCG,1408,760,0,0.0
AACCGCACATCCAGTTAGAT,1544,1045,0,0.0
AACCGTACGAACAGGATCAC,1487,885,0,0.0
AACCGTACGACCGTCTCGCT,1057,705,0,0.0
AACCTCTCTCGTCGCGAACC,1114,803,0,0.0
AACCTCTCTCTATGGCTTAG,625,459,0,0.0
AACGAGTATCCTTCCTGGCG,1112,818,0,0.0
AACGAGTTGGGATGATCCGC,1546,1031,0,0.0
AACGAGTTGGTCCTCATGTT,860,629,0,0.0
AACGATAGACACAATCACCG,1744,1042,0,0.0
AACGCCGGTTGACTGCGTAA,986,672,0,0.0
AACGCCGGTTGATACGTATA,2555,1408,0,0.0
AACGTAGTCAACTATATTGC,1292,577,0,0.0
AACGTAGTCAGCCATAGGCA,1091,732,0,0.0
AACGTCTAAGACGGTTGAAC,826,629,0,0.0
AACGTCTAAGAGACAAGAAC,1231,742,0,0.0
AACGTCTAAGTCATTAGTAA,1818,1026,0,0.0
AACGTCTAAGTCCAAGCGGT,657,517,0,0.0
AACGTTCATTCAGGTCGATG,1221,726,0,0.0
AACTATCGTATGAAGCAGAT,955,597,0,0.0
AACTGGCGAGATGTCACGCT,6009,2300,0,0.0
AACTGGCGAGCCACATGCAG,1227,755,0,0.0
AACTTGGCCGACAGGTTGGT,1025,717,0,0.0
AACTTGGCCGAGTAAGTAGT,877,622,0,0.0
AACTTGGCCGTTGCGCAAGT,997,689,0,0.0
AAGAGACTTGCTCTTAAGCC,808,601,0,0.0
AAGAGACTTGGCGCTAGCAT,7193,2553,0,0.0
AAGAGGAATAATGAGACAGC,552,437,0,0.0
AAGAGGAATACTAATAGCCT,1137,815,0,0.0
AAGAGGAATACTCCTTGCCG,1946,1086,0,0.0
AAGAGGAATAGTAGCACGGC,1251,767,0,0.0
AAGAGGAATATGAACAGGCT,1057,673,0,0.0
AAGCAGCTACAACGATTCAA,991,613,0,0.0
AAGCAGCTACCGATGTGCTT,1339,900,0,0.0
AAGCCTTATACTCTTGGCTG,1450,865,0,0.0
AAGCGACCAGAACAGTCAAG,1477,984,0,0.0
AAGCGACCAGCACATGCTGG,1906,966,0,0.0
AAGCGACCAGCATCCACGCC,2380,1182,0,0.0
AAGCGACCAGCGACGGTAAC,1487,893,0,0.0
AAGCGTAGTCATATGAGACG,861,583,0,0.0
AAGCGTAGTCTTCAATTGAG,846,673,0,0.0
AAGCTAGTGTCACACTGCAT,1760,1076,0,0.0
AAGCTAGTGTTAACAGCTGA,1117,713,0,0.0
AAGGAGAGCTGCCATAGGCA,1370,938,0,0.0
AAGGAGAGCTTCGCATGCGA,6912,1981,0,0.0
AAGGCTTGAGCTAGTTGTAG,2387,1299,0,0.0
AAGGCTTGAGTGAATGCGTG,700,536,0,0.0
AAGGTTCCAGATTACTGAAG,805,565,0,0.0
AAGGTTCCAGCAACCTCTCA,811,601,0,0.0
AAGGTTCCAGGCTCATTAGC,2292,1387,0,0.0
AAGGTTCCAGTTGCCGTGTA,1142,743,0,0.0
AAGTAACTAAAATGCGGCAT,1106,765,0,0.0
AAGTAACTAAAATTGAGAGT,1079,758,0,0.0
AAGTAACTAACAGAATGGAT,753,561,0,0.0
AAGTAACTAACAGCCGTTAA,1687,1012,0,0.0
AAGTAACTAACGGTGGTATG,1556,911,0,0.0
AAGTCGCACTAGGCTGAACG,1507,944,0,0.0
AAGTCGCACTCAGACAATTC,1340,767,0,0.0
AAGTCGCACTGAGATTAGTT,2673,1317,0,0.0
AAGTGTACCAACATCGACGT,1011,695,0,0.0
AAGTGTACCAATATGAGACG,1833,1187,0,0.0
AAGTGTACCATTCCTGTCAT,709,567,0,0.0
AAGTTCGACGATAGAGACTA,1786,904,0,0.0
AAGTTCGACGATGGAATGTA,2597,954,0,0.0
AAGTTCGACGGACACGCTCA,3895,1630,0,0.0
AAGTTGCAGCAGATGTTCAC,790,541,0,0.0
AAGTTGCAGCAGCGCTCTAG,4331,1834,0,0.0
AAGTTGTTCAGGCTGTCTTG,1787,993,0,0.0
AAGTTGTTCATTGCACCAAT,1123,715,0,0.0
AATACACCAAATACGCGATA,1093,641,0,0.0
AATACACCAATAGAACACGG,769,520,0,0.0
AATACACCAATATAACATGA,600,486,0,0.0
AATACACCAATGGTGTCGCT,2135,1241,0,0.0
AATACTCCGCCGAGCGGTCG,1629,1040,0,0.0
AATACTCCGCCGCTGTCCAA,880,572,0,0.0
AATACTCCGCCTAGCCGCCA,760,580,0,0.0
AATATCACATAGTGAGTAAG,2519,1342,0,0.0
AATATCACATCACATGCTGG,7306,2825,0,0.0
AATATCACATCTTATGTAGT,2488,993,0,0.0
AATATCACATGAATCTACGC,813,595,0,0.0
AATATCACATTAACACGATT,1925,1175,0,0.0
AATCACTCCACTATTGGAAT,1158,767,0,0.0
AATCACTCCATCCTGTGCGC,2172,1190,0,0.0
AATCGACCGCGATTCACTGG,4667,2169,0,0.0
AATCTAAGGTACGGCTCACG,1636,869,0,0.0
AATCTACCATATATCAGCTC,1646,1056,0,0.0
AATGAGAATGGCCGCCACGC,1298,859,0,0.0
AATGCACTATGAGATTAGTT,1017,755,0,0.0
AATGTGCGTAGACCACTGAA,774,391,0,0.0
AATGTGCGTATACGGCACTA,993,662,0,0.0
AATTAACAAGCAAGAGAGAG,597,436,0,0.0
AATTAATTCAGTAATTACGT,1314,837,0,0.0
AATTACCTTAGTAACTCTGG,909,659,0,0.0
AATTATATGTACCGGTGAGA,593,464,0,0.0
AATTATATGTATGTGGTTAA,1259,783,0,0.0
AATTATATGTCAACGCGTTG,1976,1086,0,0.0
AATTATATGTTGTCCTAGCA,1381,843,0,0.0
AATTATATGTTGTTACAATG,901,649,0,0.0
AATTCCAGTGCACAGGTGTC,1023,601,0,0.0
AATTCCAGTGCGAATGTTGC,1017,664,0,0.0
AATTCCAGTGGGTGCAGTCT,1064,729,0,0.0
AATTCCAGTGGTCGGTAAGA,576,424,0,0.0
AATTCGACAGGATCACAGTT,2511,1317,0,0.0
AATTCGTCTAAAGAGCTTGC,670,509,0,0.0
AATTCGTCTATCTTGCCAAT,1119,794,0,0.0
AATTGACTCGTCCATACTAT,1135,658,0,0.0
ACAACCTTGTCCACTGTATT,1088,725,0,0.0
ACAATACATGACGTATGGTA,2773,1246,0,0.0
ACAATACATGCATATAATGG,3104,1493,0,0.0
ACAATACATGCTGCAACGAC,1180,746,0,0.0
ACAATCTCAATAGCTAGCCG,1966,1111,0,0.0
ACACAACGAGGTCGTCAAGC,2593,1313,0,0.0
ACACACGACTAGCGTTAGTA,1708,1049,0,0.0
ACACACGACTTTGTGACTCG,1563,907,0,0.0
ACACCATTGGAACGGTAATA,1094,789,0,0.0
ACACCTAGTGTTCCTTAACT,1693,726,0,0.0
ACACGAATACAGGAATCTGC,4283,2052,0,0.0
ACACGCCACCAGGACACTCC,991,740,0,0.0
ACACGCGTGCCCAGGTGTAA,848,626,0,0.0
ACACGCGTGCCCTACCGCTT,772,595,0,0.0
ACACGCGTGCTCAAGTCCTC,525,408,0,0.0
ACAGCGTAGCCCTGGTCGGA,1241,789,0,0.0
ACAGTGCGTGACATGGAAGC,1209,773,0,0.0
ACAGTGCGTGATAATTGCAA,3298,1620,0,0.0
ACAGTGCGTGCACAGGTGTC,1949,1206,0,0.0
ACAGTGCGTGCCACATACGT,2361,1279,0,0.0
ACAGTGCGTGCTCTTCGCAT,2374,1246,0,0.0
ACATAATGTAAAGTAAGTCC,809,594,0,0.0
ACATAATGTAGAACACGTGG,1134,806,0,0.0
ACATAATGTAGAATCTACGC,1610,941,0,0.0
ACATCTTGCCTCGCTCGCAC,920,700,0,0.0
ACATGGCGCTGATCACAGTT,3083,1500,0,0.0
ACATGGCGCTGGTACAAGCA,1952,887,0,0.0
ACATTGATCTATAGAGCGTC,1381,974,0,0.0
ACATTGATCTCAGGATCCAT,896,589,0,0.0
ACATTGATCTTTGCCTTAGG,749,485,0,0.0
ACATTGCATAGGTCTTCACA,5841,2224,0,0.0
ACATTGCATATAAGGACTGC,928,669,0,0.0
ACATTGCATATACACACTGG,1178,702,0,0.0
ACATTGCATATGAATTGCAT,769,591,0,0.0
ACATTGGCAATGAACAGGCT,1162,782,0,0.0
ACATTGTGTTCAATGCTCTC,855,636,0,0.0
ACATTGTGTTGCGGCTCAAT,1321,872,0,0.0
ACCACAGAGGTGAGACCGTA,1500,654,0,0.0
ACCACCAATACGTTGAGCAA,1676,933,0,0.0
ACCACCAATATAACTATAGA,806,626,0,0.0
ACCAGCCAGGTCCTCACTCA,3657,1768,0,0.0
ACCAGCTTGATCATCGAGGC,1257,776,0,0.0
ACCATATCACCATCTTGAAC,1402,925,0,0.0
ACCATATCACGTATTAAGCG,569,453,0,0.0
ACCATATCACTAGATGACAA,1511,870,0,0.0
ACCATCAGATATACATTATC,3406,1434,0,0.0
ACCATCAGATTGATGAACGG,750,488,0,0.0
ACCATCAGATTTGTGAAGAT,781,568,0,0.0
ACCGAATATTAAGGAACTGC,711,482,0,0.0
ACCGAATATTCAATAACACT,2685,1421,0,0.0
ACCGAATATTCCTGTACTGG,2412,1367,0,0.0
ACCGAATATTGGCCTGGAGA,1459,923,0,0.0
ACCGATTGCGCTAATAGCCT,767,514,0,0.0
ACCGATTGCGGCAGGTCCGA,1579,1012,0,0.0
ACCGATTGCGGTCAAGTTAC,1026,564,0,0.0
ACCGCAAGTTTTACGAGCTG,848,638,0,0.0
ACCGCGGCGTCATCAGCTCC,765,533,0,0.0
ACCGCGGCGTCTTAGTAGTC,1440,855,0,0.0
ACCGCGGCGTTCGCTTACCG,766,558,0,0.0
ACCGCTCGTCACGCGCATAG,1554,890,0,0.0
ACCGCTCGTCCGTGAGTGCG,879,533,0,0.0
ACCGGAGCCTTAGACGTCTA,921,655,0,0.0
ACCGGTAGATTGAATGCGTG,539,394,0,0.0
ACCGGTCTACAACCAATAAG,574,436,0,0.0
ACCGGTCTACAAGGCTTCTC,761,432,0,0.0
ACCGGTCTACCATGACTCGT,1989,1170,0,0.0
ACCGGTCTACCTCATCGCGC,556,359,0,0.0
ACCGTGCTTAACGCCTCCGA,919,610,0,0.0
ACCGTGCTTAGGCATTCTAA,5476,2055,0,0.0
ACCGTGCTTAGGTTAACAAT,768,619,0,0.0
ACCGTGCTTAGTAGGCATGC,2196,1363,0,0.0
ACCGTGCTTATGCGGCCGAA,861,551,0,0.0
ACCGTGCTTATTCATCGTCC,665,526,0,0.0
ACCGTTCCATCGTGAACTAC,3563,1586,0,0.0
ACCTCACGACATAGCCGATG,1201,827,0,0.0
ACCTCACGACGTGCACCAGC,630,498,0,0.0
ACCTCCGCAGGCAGCTCGTG,763,538,0,0.0
ACCTCCGCAGGTAATGCTGA,2549,1271,0,0.0
ACCTCCGCAGTACTTCCACG,1072,740,0,0.0
ACCTCTAGGTAGACAAGAAC,1213,850,0,0.0
ACCTCTAGGTTTCTCTATGA,1628,997,0,0.0
ACCTGCTACTTGTAATCGAT,5599,2362,0,0.0
ACCTGGTCTCCGACTTGCAC,552,435,0,0.0
ACCTGGTCTCCTCTTAAGCC,882,559,0,0.0
ACCTGGTCTCGTACGAGTTC,1415,832,0,0.0
ACCTGGTCTCTCTCAGAACC,1044,600,0,0.0
ACCTGTAGCCGTGCACCAGC,790,521,0,0.0
ACCTTACTTCTAGATCGCGA,1055,662,0,0.0
ACCTTCGCGCAACGTTGGTC,793,533,0,0.0
ACCTTCGCGCTCAAGTCCTC,583,413,0,0.0
ACGAAGAGTTCACCTTGGAG,1983,1040,0,0.0
ACGACTGCTTCCGCAATAAT,3590,1830,0,0.0
ACGACTGCTTGCTTATACAT,1854,1151,0,0.0
ACGACTGCTTTATGAAGTTG,1021,673,0,0.0
ACGCAATCTTCAGAAGTGCA,3407,1609,0,0.0
ACGCAATCTTGTCTATATCG,900,572,0,0.0
ACGCAATCTTTAACAGCTGA,900,629,0,0.0
ACGCGGTCTGTTGCTACATG,1400,817,0,0.0
ACGCTATGTAGTTCTGCGGT,506,404,0,0.0
ACGCTATGTATCTCCTACAG,538,444,0,0.0
ACGCTCACGTAGGCTGAACG,2122,1263,0,0.0
ACGGTAAGAAATAGAGCGTC,801,612,0,0.0
ACGGTACCGCATGCAGATCC,4243,1952,0,0.0
ACGGTACCGCCAACGCGTTG,4016,1803,0,0.0
ACGGTACCGCCACTTACCAA,809,573,0,0.0
ACGGTACCGCCCACTGGAAC,773,603,0,0.0
ACGGTACCGCTCTGCAGCGT,1504,999,0,0.0
ACGGTCTGGTAGCCGTCTCG,1520,915,0,0.0
ACGGTCTGGTCGTTAAGTTC,1087,765,0,0.0
ACGGTCTGGTGCATTACCGG,1521,917,0,0.0
ACGGTCTGGTTCAACGGCAC,4375,1844,0,0.0
ACGGTTATGGTTCCTGCGAA,2975,1610,0,0.0
ACGGTTCTCCTGAAGATATG,1643,959,0,0.0
ACGTAAGAATACAGTGTCCG,1126,630,0,0.0
ACGTAAGAATTACCTCATAA,736,562,0,0.0
ACGTAAGAATTATACATAGT,1008,714,0,0.0
ACGTAAGAATTATACCGCAT,1731,971,0,0.0
ACGTAGCAACAGAGAACGGA,1583,939,0,0.0
ACGTCCACCTCCTACCGCTT,680,523,0,0.0
ACGTCCACCTTCATCGAGGC,1658,1003,0,0.0
ACGTCCACCTTGGCAAGACA,1101,666,0,0.0
ACGTCTCTAGATATTATTAC,608,472,0,0.0
ACGTCTCTAGTGATGCCAAC,529,415,0,0.0
ACGTGCTATACTAGTCTGTC,1019,689,0,0.0
ACGTTAGGACAACATTACGG,879,564,0,0.0
ACGTTAGGACCACAGGTGTC,1615,980,0,0.0
ACGTTAGGACTGGTGCATCT,880,644,0,0.0
ACGTTAGGACTTACCGGTGG,4899,2106,0,0.0
ACTAACGCACACATCGACGT,534,386,0,0.0
ACTAACGCACAGACGGATGT,2324,1174,0,0.0
ACTAACGCACGTCTCCGGTT,3555,1518,0,0.0
ACTACGACATACGCGCATAG,877,617,0,0.0
ACTACGACATCAAGTTGATC,636,520,0,0.0
ACTACGACATGAGGATATTA,1649,862,0,0.0
ACTAGGACCATTATCAAGGA,722,457,0,0.0
ACTAGGCATCGTAAGGCGGT,510,412,0,0.0
ACTATACCTTGTGGCCTGCT,1792,971,0,0.0
ACTATACCTTTCTTCGAGAG,1775,1076,0,0.0
ACTATACCTTTGGCTCAGCA,1176,736,0,0.0
ACTCAATATGAGTGTATATT,980,702,0,0.0
ACTCAATATGGCACCGAATC,1162,793,0,0.0
ACTCACATTCAATATCCGCG,1113,706,0,0.0
ACTCACATTCCAGACAGCTA,506,404,0,0.0
ACTCACATTCGTCTGATACG,1127,682,0,0.0
ACTCACCAATAGTACAGCGA,6317,2659,0,0.0
ACTCACGGCAAGCAGTGGTA,3503,1702,0,0.0
ACTCACGGCACGACCAACCG,733,545,0,0.0
ACTCACGGCACTGTACTGTA,789,520,0,0.0
ACTCAGTCGAACGGCTCACG,4803,1508,0,0.0
ACTCATGCTTAGATTAGAGC,1189,791,0,0.0
ACTCATGCTTGGTCTTCACA,698,552,0,0.0
ACTCCAGGAACTAATCACTT,1540,1056,0,0.0
ACTCCAGGAAGGACTTCATC,1542,799,0,0.0
ACTCCAGGAATGCCTCAATG,1514,713,0,0.0
ACTCCGGTACGATGATCCGC,805,627,0,0.0
ACTCGCCGTAGAGAACCTAA,783,495,0,0.0
ACTCGCCGTATAGATGACAA,868,637,0,0.0
ACTCGCCGTATTGCTACATG,2114,1041,0,0.0
ACTGCGTCACAGTGTATATT,4066,2004,0,0.0
ACTGCTATTAACCGGTGAGA,750,593,0,0.0
ACTGTATAGAACGTTGGTGC,553,460,0,0.0
ACTGTATAGATACCACGTAC,1326,787,0,0.0
ACTGTATAGATTAGTCTTGC,759,573,0,0.0
ACTGTCAGCAAGGCGCGTGA,832,580,0,0.0
ACTGTCAGCACGGAGCCAGC,2387,1236,0,0.0
ACTGTCAGCACGTGCATGTT,824,556,0,0.0
ACTGTCAGCACGTGCGGTAA,1164,733,0,0.0
ACTGTCAGCAGCAGAGCGAG,1879,1077,0,0.0
ACTGTCAGCAGCGTTATTCG,900,681,0,0.0
ACTGTCAGCATAATCTTCAT,1186,773,0,0.0
ACTGTTACACCCGATGTAAG,905,666,0,0.0
ACTGTTACACGTAAGGCGGT,2372,1189,0,0.0
ACTGTTACACTAGATGACAA,684,540,0,0.0
ACTGTTACACTGCTCTATTC,573,447,0,0.0
ACTGTTCACTGAGTCCATAG,1755,988,0,0.0
ACTGTTGATGCTCGAGTATA,1050,647,0,0.0
ACTTATGGCCGGTCTCTCGA,1136,702,0,0.0
ACTTATGGCCGTACACTGCG,1325,889,0,0.0
ACTTCGGAGTCGGAGCGTCA,835,624,0,0.0
ACTTGACGTTAAGAATAGGA,4083,2079,0,0.0
AGAAGATCCGGAGAACCTAA,1486,869,0,0.0
AGAAGATCCGGCCGCACCAG,1247,810,0,0.0
AGAAGATCCGGTTACACTTA,6690,2703,0,0.0
AGAAGATCCGTTGATTGGAT,1200,805,0,0.0
AGAAGGAACAAGACTCCTTC,631,478,0,0.0
AGAAGGAACAATATCGTCCA,741,585,0,0.0
AGAAGGAACAATCATTATGA,773,588,0,0.0
AGAAGGAACAGCCGCAGTCC,1536,791,0,0.0
AGAAGGCTCCGCGTAACGTC,718,557,0,0.0
AGAAGTGACGACAGATCACC,1117,759,0,0.0
AGAAGTGACGCAAGCTTCTA,924,673,0,0.0
AGAATAAGCGACGACAGATC,669,498,0,0.0
AGAATAGCTACCTTAGGCTC,1002,556,0,0.0
AGAATCCAGCACCGAAGGTC,2126,1158,0,0.0
AGAATTGTAGATTCTCCATA,3808,1765,0,0.0
AGAATTGTAGCTGAGTGCTG,4144,2030,0,0.0
AGAATTGTAGGGATATGTTG,1873,1126,0,0.0
AGACAATCAGTTCGTACGTA,1223,790,0,0.0
AGACACCACGGAGTATCGGT,1517,878,0,0.0
AGACAGCCTTATGCTAACAT,1785,1120,0,0.0
AGACAGCCTTCGGTGTGAGT,1214,876,0,0.0
AGACAGCCTTGCACTAATTC,1497,912,0,0.0
AGACCACGACGCAGAGCGAG,1587,862,0,0.0
AGACCACGACTAGACTCCTT,1076,636,0,0.0
AGACCACGACTTACACGCAC,1111,792,0,0.0
AGACCACGACTTACCGGTGG,1913,1093,0,0.0
AGACCAGAGAAACAGTCAAG,3828,1581,0,0.0
AGACCAGAGAATGACTCCGT,1781,973,0,0.0
AGACCAGAGAATTCAGAATC,4766,2179,0,0.0
AGACCAGAGACCTTAGGCTC,748,599,0,0.0
AGACCAGAGACGATGTGCTT,782,514,0,0.0
AGACCAGAGATGTAATTACA,1400,821,0,0.0
AGACCTCCAAATTCCACTTC,2479,1175,0,0.0
AGACCTGGATCAACCTCTCA,561,434,0,0.0
AGACCTGGATGGCAAGCACG,881,532,0,0.0
AGACCTGGATTGTAATTACA,2018,1276,0,0.0
AGACCTTATGGCACGACGTA,12944,3048,0,0.0
AGACCTTATGGCTAATAACA,2587,1458,0,0.0
AGACTTCAGTAGAGGCCTAC,777,494,0,0.0
AGACTTCAGTCTATCATCCG,800,617,0,0.0
AGACTTCAGTTGTATCACCA,920,654,0,0.0
AGAGACATGAGACCTGCGCC,919,587,0,0.0
AGAGACATGAGGACGTCCAG,794,624,0,0.0
AGAGATTAGTTAGGCTGATT,5213,2170,0,0.0
AGAGGACAGCAACCAGACCA,4679,2176,0,0.0
AGAGGACAGCAACGATCAGA,2303,1269,0,0.0
AGAGGACAGCCGCAGTAGAT,703,521,0,0.0
AGAGGACAGCGATACGTATA,1045,734,0,0.0
AGAGGACAGCTAGATATATT,3116,1498,0,0.0
AGAGGAGTGTTATGCCGATG,1365,845,0,0.0
AGAGGAGTGTTTGTAGCCGA,667,527,0,0.0
AGATAGAACTACGTGATGCT,2466,1262,0,0.0
AGATAGAACTCCGATAGGAT,923,508,0,0.0
AGATAGTCGTAGATATGATC,654,524,0,0.0
AGATAGTCGTGCATGCGGCA,1649,982,0,0.0
AGATCCTATTCTGCGAGTCT,870,562,0,0.0
AGATCCTATTCTTGTGGCGA,1705,897,0,0.0
AGATCGCCACCAGTCCAGTA,790,579,0,0.0
AGATTCACGCATTGTAATGT,1084,773,0,0.0
AGATTCACGCGGATAGGTAA,19127,5004,0,0.0
AGATTCACGCTTAAGAGATC,1190,724,0,0.0
AGCACCGACATGGAATGAAC,965,656,0,0.0
AGCATTGGACAACTTATTAA,892,663,0,0.0
AGCATTGGACGTTATCTATA,783,593,0,0.0
AGCCAGGCACCATAATCGTC,2552,704,0,0.0
AGCCGACCGGAGGTCTCTGT,8131,2917,0,0.0
AGCCGACCGGCGTACCTCTA,591,465,0,0.0
AGCCGACCGGGGCCACACGC,703,558,0,0.0
AGCCGACCGGGGTCTCTCGA,2605,1279,0,0.0
AGCGACATTCCTAATCATCG,820,558,0,0.0
AGCGACATTCGGCTTGCGAA,1429,970,0,0.0
AGCGACATTCTAGTTATAAG,1136,816,0,0.0
AGCGACCGCGAACGTCTTGA,1331,699,0,0.0
AGCGACCGCGTCCGGTTGAC,881,565,0,0.0
AGCGCGTTCTCTCGAGTATA,1327,870,0,0.0
AGCGCGTTCTGGCAAGCACG,7328,2802,0,0.0
AGCGCTGACTAGCCTTATAT,1463,795,0,0.0
AGCGCTGACTTTCCGTACTT,1027,746,0,0.0
AGCGCTGGAACGATGTGCTT,739,550,0,0.0
AGCGGCAGTTCGGTATTGCG,825,596,0,0.0
AGCGGCAGTTCTGGAAGCCG,785,588,0,0.0
AGCGGCAGTTGCTGCGTAAT,959,707,0,0.0
AGCGGCAGTTGGCCAACGGA,6338,2168,0,0.0
AGCGGCAGTTGTATAAGGTC,540,431,0,0.0
AGCGGCAGTTTATCGGCACT,698,552,0,0.0
AGCTCAGCGTGTCTTCCTCT,1176,723,0,0.0
AGCTCATGCTAGGCTCGCCT,820,612,0,0.0
AGCTCATGCTATGACATCTC,4659,2050,0,0.0
AGCTCATGCTATTCCAACCA,1117,642,0,0.0
AGCTCATGCTCGGAACAGAA,881,621,0,0.0
AGCTCATGCTGAAGCATTAT,846,569,0,0.0
AGCTCATGCTGGATAGGTAA,3032,1688,0,0.0
AGCTCATGCTTCACAGTCCG,1035,744,0,0.0
AGCTGATAATTCGCATGCGA,793,491,0,0.0
AGCTGCGCTCACACAAGTAT,654,463,0,0.0
AGCTGGCTCTATCTGTAGTA,1835,1071,0,0.0
AGCTGGCTCTATTACCAGAA,886,603,0,0.0
AGCTGGCTCTTCAGCGGTGC,1708,1113,0,0.0
AGCTTGGCTTCAGGACTATC,1158,712,0,0.0
AGCTTGGTAACAAGCTTCTA,782,516,0,0.0
AGCTTGGTAACAGACAGCTA,1252,634,0,0.0
AGGAACCTAGAAGAGGAGAT,1342,883,0,0.0
AGGAAGCACACGGTATTGCG,946,699,0,0.0
AGGAAGCACATGGCTCAGCA,2437,1166,0,0.0
AGGAAGCACATGTAGGATGG,2562,1115,0,0.0
AGGAAGTTCTACGCAGCGAA,937,613,0,0.0
AGGAAGTTCTGACACAACAC,1038,651,0,0.0
AGGACATAGAAGGTCTTCGG,1323,757,0,0.0
AGGACATAGACGCACGAATT,703,501,0,0.0
AGGACATAGAGTAAGCTGGC,957,644,0,0.0
AGGACTATTCAATTCTCGAA,714,522,0,0.0
AGGACTATTCATGAAGGTGT,622,490,0,0.0
AGGACTATTCTGAATTGCAT,1077,691,0,0.0
AGGAGAATGCTGAGACTATT,761,541,0,0.0
AGGAGCCATATTGCACCAAT,1444,952,0,0.0
AGGAGCTCGTCCAGAGATCG,1280,603,0,0.0
AGGAGCTCGTCCTACGCAAC,792,484,0,0.0
AGGAGTTGCGATGTCTGTAA,1075,755,0,0.0
AGGAGTTGCGCTCGGTTGTA,1010,684,0,0.0
AGGAGTTGCGGGTTCGGTAT,809,592,0,0.0
AGGAGTTGCGTTGCTTATAA,2176,988,0,0.0
AGGATCATACACAGTGTCCG,2385,1327,0,0.0
AGGATCATACTGGACCTGTG,786,578,0,0.0
AGGCACGGTATGTTCGTCGT,711,510,0,0.0
AGGCAGCTGACGAACGTGAA,3812,1663,0,0.0
AGGCAGCTGAGTCGCGTTCA,1827,949,0,0.0
AGGCAGTCCGACAGGATCAC,514,426,0,0.0
AGGCAGTCCGAGCTACTTGT,576,355,0,0.0
AGGCAGTCCGCAACTGTGGC,2663,1438,0,0.0
AGGCAGTCCGCGACGGTAAC,2883,1363,0,0.0
AGGCCGGCGTAGCTACTTGT,1283,640,0,0.0
AGGCCGGCGTTTACGTAACG,1316,848,0,0.0
AGGCTAGGCGAAGAAGTTAG,2497,1344,0,0.0
AGGCTAGGCGCTAATCACTT,608,446,0,0.0
AGGCTAGGCGGTCGCGAACC,609,465,0,0.0
AGGCTAGGCGGTTGGTAGTG,4093,1939,0,0.0
AGGCTGTGGATGCATTATTA,1051,714,0,0.0
AGGTACAGACCGACAGTACG,3180,1592,0,0.0
AGGTACAGACCGTATGTCCA,1047,733,0,0.0
AGGTACTACAAGACAAGAAC,857,639,0,0.0
AGGTACTACAATGTGATTGC,1292,889,0,0.0
AGGTACTACAGATACGTATA,1848,928,0,0.0
AGGTCGGATTCACACTGCAT,501,413,0,0.0
AGGTCGGATTCAGGCTCAGT,2650,979,0,0.0
AGGTCGGATTCTAATAGCCT,801,601,0,0.0
AGGTCGGATTGGCCTTGGAA,790,516,0,0.0
AGGTCTGTCGACAGACGGCG,1676,1011,0,0.0
AGGTCTGTCGTAAGCCTAGG,1154,810,0,0.0
AGGTGCCTAACATCGTTGTT,511,378,0,0.0
AGGTTACTGACTCCTGGATA,1025,776,0,0.0
AGGTTCCGTCCCGATGTAAG,724,524,0,0.0
AGGTTCCGTCGTTGGTAGTG,1064,668,0,0.0
AGTACGGACGACGTACATAA,915,568,0,0.0
AGTACGGACGCCGACGCGGC,1165,702,0,0.0
AGTACGGACGCTGGCACACA,2418,1480,0,0.0
AGTATAGCAGCACGGATGAG,3630,1651,0,0.0
AGTATCTAACCCACGTGGCT,840,550,0,0.0
AGTATCTAACGCACTAATTC,1868,989,0,0.0
AGTATCTAACTTGCTGACTA,1153,693,0,0.0
AGTATTACAAGTTAGCACGA,1328,800,0,0.0
AGTCACTTACTAAGCATCGC,967,650,0,0.0
AGTCACTTACTCAGCGGTGC,1607,1040,0,0.0
AGTCATCTTCACGGTTCGTT,1455,931,0,0.0
AGTCATCTTCTAGAGCTAGT,1309,932,0,0.0
AGTCATCTTCTGATGCCAAC,1362,851,0,0.0
AGTCCTGCCTACGTGATGCT,1675,956,0,0.0
AGTCCTGCCTGTCAAGTTAC,525,384,0,0.0
AGTCCTGCCTGTGTCATTCC,2133,1059,0,0.0
AGTCTCTGTTTAACTATAGA,811,611,0,0.0
AGTCTCTGTTTAAGGAGTTA,1466,820,0,0.0
AGTCTGCGAGAGCCTACCAA,1084,740,0,0.0
AGTCTTACCGAGAACCATTA,708,567,0,0.0
AGTCTTACCGCTTGGACCTA,825,572,0,0.0
AGTGAGGTGGCATCCACGCC,1153,850,0,0.0
AGTGAGGTGGCTCCTTACAC,542,410,0,0.0
AGTGAGGTGGCTTGTGGCGA,618,485,0,0.0
AGTGAGGTGGGGCGTCACTG,876,572,0,0.0
AGTGATTACCCAGGATACTC,616,421,0,0.0
AGTGATTACCGCGCTCATAC,843,600,0,0.0
AGTGATTACCTTGCTTATAA,1650,1053,0,0.0
AGTGGCTCGACGACAGTACG,920,637,0,0.0
AGTGGCTCGACGCCATTAGG,1315,750,0,0.0
AGTGGCTCGACTCACGTCAC,944,620,0,0.0
AGTGTCACAGGAGTCCACTC,1515,893,0,0.0
AGTGTGGAGAAATATGAGAG,823,602,0,0.0
AGTGTGTCTGTTGCCAGTTA,1658,894,0,0.0
AGTTAATAGAGCCATAGGCA,1102,685,0,0.0
AGTTACTTCGCCGCAATAAT,1187,775,0,0.0
AGTTACTTCGCTTAGGCCAA,984,697,0,0.0
AGTTCCGCCGAGAGGTGCTA,2530,1296,0,0.0
AGTTCCGCCGCGTTGCATGG,617,423,0,0.0
AGTTCCGCCGGCGGCATAGC,638,355,0,0.0
AGTTCCGCCGGTGCTGTCTT,1200,670,0,0.0
AGTTCCTACCAAGGCAACAT,521,413,0,0.0
AGTTCCTACCACGTACATAA,1573,967,0,0.0
AGTTCCTACCAGTCAGACAA,623,482,0,0.0
AGTTCCTACCCCAATAGATC,1962,1031,0,0.0
AGTTCCTACCGGCGTCACTG,641,473,0,0.0
AGTTCCTACCTAAGGACTGC,788,566,0,0.0
AGTTCCTACCTGCCTAACTT,835,625,0,0.0
AGTTCCTACCTTGAGTAGAA,1249,845,0,0.0
AGTTCGCTAGATTACTGAAG,529,424,0,0.0
AGTTCGCTAGCCGTCTCGCT,824,586,0,0.0
ATAACAGTTAATGCTTGGTT,548,434,0,0.0
ATAACGTCGTCAAGCCGGAG,578,443,0,0.0
ATAACGTCGTTGCTATCCGT,1179,714,0,0.0
ATAACGTCGTTGTAATTACA,954,668,0,0.0
ATAAGCTTCCAGTTCCACGT,830,637,0,0.0
ATAAGCTTCCATCGAGTCCT,2011,933,0,0.0
ATAAGGATTGCAGGTCGATG,4785,1994,0,0.0
ATAAGTCGCGAATTCTCGAA,733,544,0,0.0
ATAAGTCGCGGCGCATCTAG,765,494,0,0.0
ATAATCCTATCGGCCACCTG,810,619,0,0.0
ATAATGAGGTACGATACCAA,7838,2944,0,0.0
ATACAACCTGGATTCTGTCG,2580,1287,0,0.0
ATACAACCTGGTCTTCCTCT,841,612,0,0.0
ATACAACCTGTCGCTCGCAC,2046,1275,0,0.0
ATACAGGTTAATATGAGACG,4540,1993,0,0.0
ATACAGGTTAGCTAATAACA,816,533,0,0.0
ATACCGAGTTCGACGGTAAC,831,467,0,0.0
ATACCGAGTTGTAGCACGGC,903,670,0,0.0
ATACCGAGTTGTCTGTGGAA,1157,751,0,0.0
ATACCGAGTTTCGCTCGCAC,594,444,0,0.0
ATACCTCGAGAGGTCTCTGT,583,503,0,0.0
ATACCTCGAGCATAGCGTGG,1366,817,0,0.0
ATACCTCGAGCTGAGATCTT,3570,1722,0,0.0
ATACTGAGAACAGAATGGAT,875,656,0,0.0
ATACTGAGAACTCAATGACA,513,346,0,0.0
ATACTGAGAATGAGACCTCC,1027,656,0,0.0
ATACTGCCGTTCATTACGAG,704,527,0,0.0
ATACTGGAGGAGCAAGTTGA,863,613,0,0.0
ATAGAGTCACAGTACGTCGC,1983,979,0,0.0
ATAGAGTCACTAAGGACTGC,2191,1109,0,0.0
ATAGAGTTGTACCATCACTC,4892,2111,0,0.0
ATAGAGTTGTATACCTATAT,4206,2143,0,0.0
ATAGAGTTGTCACCGTAACT,595,386,0,0.0
ATAGAGTTGTGCCGCAAGCG,2045,1235,0,0.0
ATAGCTGCACTGAATTCGGA,2992,1169,0,0.0
ATAGGAGAACCTTGGCTTAT,1157,728,0,0.0
ATAGGTATAAACCGTACGGT,623,451,0,0.0
ATAGGTATAAAGGACGCCAG,682,528,0,0.0
ATAGGTATAACTCACTATGT,1283,884,0,0.0
ATAGTGATGCGGTGTAGCGG,956,491,0,0.0
ATAGTTGCTGACAGTGTCCG,5224,2294,0,0.0
ATATAACATCACCGGTGAGA,714,550,0,0.0
ATATAACATCGCGCACGTCC,516,400,0,0.0
ATATAAGAGAACGACTGTGC,642,488,0,0.0
ATATAAGAGAACGTATGGTA,1287,914,0,0.0
ATATAAGAGAACTGGTCCGC,2155,969,0,0.0
ATATAAGAGAAGTGTGCTCT,548,364,0,0.0
ATATACACGTCAACGCGTTG,857,544,0,0.0
ATATACACGTCGAGTACATC,1104,715,0,0.0
ATATACACGTGTCGACGAGT,1594,919,0,0.0
ATATACACGTTTGCCTTAGG,584,459,0,0.0
ATATCCTGGTATGTCTGTAA,776,489,0,0.0
ATATCCTGGTTAATCCGGAT,1477,750,0,0.0
ATATCCTGGTTTAGCCAGTG,805,522,0,0.0
ATATCCTGGTTTATCAAGGA,2070,1215,0,0.0
ATATCGGACTACTCGAACGT,1013,730,0,0.0
ATATCGGACTAGTTCCACGT,842,679,0,0.0
ATATCGGACTGGTTAACAAT,1146,566,0,0.0
ATATCTTCAGCACAGCGAGA,628,505,0,0.0
ATATGCGTAAGCGCTAGCAT,778,568,0,0.0
ATATGCGTAAGGTGTTAATC,641,428,0,0.0
ATATGCGTAAGTAGGCATGC,701,515,0,0.0
ATATGCGTAATCCTAAGCGA,632,516,0,0.0
ATATGGACATAGTCAGGTCC,839,523,0,0.0
ATATGGACATATGAGACAGC,8351,2406,0,0.0
ATATGGACATCCACTGTATT,1013,745,0,0.0
ATATGGCGTACGACTTCGTG,873,633,0,0.0
ATATTACGCCAATGGCGTGA,569,443,0,0.0
ATATTACGCCCGGTAGTCAT,2697,1468,0,0.0
ATCAACACATGACGATACCG,831,566,0,0.0
ATCAACACATGGACGTCCAG,3287,1396,0,0.0
ATCAACACATTATTAATCTA,1733,1134,0,0.0
ATCAAGCGGCCAGGTCGATG,1027,649,0,0.0
ATCAAGCGGCTTCGTTCGCG,936,682,0,0.0
ATCAATCTCCAAGTTCAGGT,1045,756,0,0.0
ATCAATCTCCACCTCTGATA,625,469,0,0.0
ATCAATCTCCCCGACCGTCT,1565,900,0,0.0
ATCAATCTCCGCACGTCAGT,1282,792,0,0.0
ATCAATCTCCGCAGGTCCGA,861,638,0,0.0
ATCAATCTCCTGCGTGCGCT,1009,669,0,0.0
ATCACCATCGACGTTGGTGC,1623,962,0,0.0
ATCACCATCGCTTAATCGCA,4145,1808,0,0.0
ATCACCATCGTGTATACACG,1279,896,0,0.0
ATCACCGCCTCTATTGGAAT,1326,763,0,0.0
ATCACCGCCTTGTACACTAT,710,544,0,0.0
ATCAGCTGCTCTGCGAGTCT,1106,546,0,0.0
ATCAGCTGCTTTGTAGCCGA,601,463,0,0.0
ATCAGGCAATCGGTGGTATG,1236,854,0,0.0
ATCAGGCAATGAACGGTTGA,2605,1455,0,0.0
ATCAGGCAATGCGTTATTCG,1607,906,0,0.0
ATCATGTCTCAATTCTCGAA,919,576,0,0.0
ATCATTGATTGACTCTTGGC,1282,859,0,0.0
ATCCATTGATAACGTCTTGA,2273,1308,0,0.0
ATCCATTGATAAGTTGGCGA,1043,682,0,0.0
ATCCATTGATATCATACTTA,1046,699,0,0.0
ATCCATTGATATCGGCTGAA,1137,764,0,0.0
ATCCATTGATGTCGCGTTCA,643,486,0,0.0
ATCCATTGATTCTGTTGGAA,902,611,0,0.0
ATCCGCGCGTTGGCTTCTCG,935,652,0,0.0
ATCCGCGCGTTTAGTCTTGC,745,555,0,0.0
ATCCGTCTGCACCGGCCACA,1279,839,0,0.0
ATCCGTCTGCATCAACTATA,1476,971,0,0.0
ATCCGTCTGCGAGATTAGTT,984,682,0,0.0
ATCCGTCTGCGCGTAGGTCT,2328,1360,0,0.0
ATCCGTCTGCGGACAGGCAG,802,603,0,0.0
ATCCTCGTATCCTGGCGGCA,2385,1096,0,0.0
ATCGAGGCAGTCACGGTACA,1278,856,0,0.0
ATCGAGGCAGTCAGTGGCTA,568,409,0,0.0
ATCGCCTCAGAAGTGTCGCG,11232,3167,0,0.0
ATCGCCTCAGCGTGAACTAC,860,635,0,0.0
ATCGTAACTTTGACACCGGC,2316,1163,0,0.0
ATCGTATATAATCTGTGTAC,1656,1054,0,0.0
ATCGTATATACATATGAATT,880,614,0,0.0
ATCGTATATATTATCAAGGA,1272,823,0,0.0
ATCGTATTGCATGTGATTGC,874,609,0,0.0
ATCGTATTGCCACTTATAGA,710,493,0,0.0
ATCGTATTGCGCGAGTAGCG,1505,889,0,0.0
ATCGTATTGCTCAGACTCAC,735,583,0,0.0
ATCGTATTGCTCCTCATGTT,815,575,0,0.0
ATCGTATTGCTCGAACACAT,2014,1057,0,0.0
ATCGTGTTAAACAGGATCAC,538,387,0,0.0
ATCGTGTTAACCAGCAGACG,2894,1532,0,0.0
ATCGTGTTAATGCCTAACTT,939,669,0,0.0
ATCTACGGACGGCCTTGGAA,1687,1013,0,0.0
ATCTACGGACTAACAGCGAT,1118,703,0,0.0
ATCTACGGACTCACATAGAC,815,611,0,0.0
ATCTAGACGATTATCCTACG,866,403,0,0.0
ATCTCCGACCTTACATCAAG,1113,665,0,0.0
ATCTCCGTGAGGCCTTCCAT,1151,806,0,0.0
ATCTCCGTGATATGGCTTAG,1336,842,0,0.0
ATCTCCGTGATCATAAGTCG,1341,663,0,0.0
ATCTCGTATGCTCTTAAGCC,602,470,0,0.0
ATCTTATGCAATGGACCATA,815,601,0,0.0
ATCTTATGCAGGCAACGTCG,3422,1745,0,0.0
ATCTTATGCATAGAACACGG,1153,716,0,0.0
ATCTTCCTTGCACCTTGGAG,533,423,0,0.0
ATCTTCCTTGTCACATAGAC,779,507,0,0.0
ATCTTCCTTGTGGCTATACC,2251,1319,0,0.0
ATGAGCCTACATACCTATAT,705,547,0,0.0
ATGAGCCTACCAATCGCGCA,796,550,0,0.0
ATGAGCCTACCCGCAATAAT,3788,1468,0,0.0
ATGAGCCTACGCGCGTTGCT,937,595,0,0.0
ATGAGCCTACTGCCATAGCT,2146,1253,0,0.0
ATGAGTGGCTTCATTACGAG,1089,639,0,0.0
ATGAGTGGCTTGGTTGTGTT,601,469,0,0.0
ATGATATGCCTCTCTCTAGC,2134,1138,0,0.0
ATGATCAAGCAATCTGTGCT,1810,1018,0,0.0
ATGATCAAGCATATCGTCCA,768,568,0,0.0
ATGATCAAGCCCAGTAGCGT,572,423,0,0.0
ATGATCGCACAACGGTAATA,2734,1205,0,0.0
ATGATGACAGGCCGCCACGC,5671,2127,0,0.0
ATGATGACAGTTGCGCAAGT,766,590,0,0.0
ATGATGTGTTGGACTCGCGT,956,684,0,0.0
ATGATGTGTTTTGAGGACAT,1349,943,0,0.0
ATGCAAGTACGTCGGTAAGA,1264,888,0,0.0
ATGCGTACGGCGTATTGTAA,651,452,0,0.0
ATGCGTACGGCTCATCGCGC,1033,554,0,0.0
ATGCGTACGGCTCTGCCACG,1277,763,0,0.0
ATGCGTACGGGGCTTCGTTC,905,657,0,0.0
ATGCGTATCTTAACAGCTGA,4138,1686,0,0.0
ATGCTCCGACAAGTAGTAAT,2412,1329,0,0.0
ATGGAACCAACGGTGCCGTG,1585,999,0,0.0
ATGGCTTCATGACAATTGTC,690,522,0,0.0
ATGGCTTCATTCATAAGTCG,2087,1207,0,0.0
ATGGTGTGAGAATGGCGTGA,812,578,0,0.0
ATGGTGTGAGGGTGAGGTCA,953,655,0,0.0
ATGTATAGAAATCATCGGAG,963,566,0,0.0
ATGTCGAGAGCATATAATGG,601,451,0,0.0
ATGTCGAGAGCTAGTCTGTC,1544,1001,0,0.0
ATGTCGAGAGTCCTGCTTAG,3453,1638,0,0.0
ATGTCTCAACAATTCGAGGT,2271,1219,0,0.0
ATGTCTTGTCCAGGAACTTA,1210,737,0,0.0
ATGTCTTGTCTGGTTAAGGA,606,486,0,0.0
ATGTGCACTACATATAATGG,4567,1801,0,0.0
ATGTTGAACCACGTAATCGA,2696,1386,0,0.0
ATGTTGAACCCAGGACTATC,894,647,0,0.0
ATGTTGAACCCCACATACGT,755,560,0,0.0
ATGTTGAACCGCCGAGTTAT,1968,1026,0,0.0
ATGTTGAACCGTAATGCTGA,785,590,0,0.0
ATGTTGAACCGTTGGTCTAA,963,649,0,0.0
ATTAACAGTCCAGGTCGATG,1154,825,0,0.0
ATTAACAGTCTATACCGCAT,3715,1562,0,0.0
ATTAAGGTACCATCCACGCC,586,334,0,0.0
ATTAAGGTACCTGTTCCTAA,1016,747,0,0.0
ATTAAGGTACGAAGTCTTGT,1169,716,0,0.0
ATTACCGATCATGCTAACAT,1804,929,0,0.0
ATTAGAAGATTTGCTGACTA,954,698,0,0.0
ATTAGACATACAGTCGATCC,2150,1086,0,0.0
ATTAGACATACCTGGTCGGA,2144,1076,0,0.0
ATTAGACATATCGCATGCGA,2255,1014,0,0.0
ATTAGTGTCGACTGGTTATC,1042,758,0,0.0
ATTAGTGTCGCCAGTTAGAT,1335,824,0,0.0
ATTAGTGTCGCTTGGACCTA,876,617,0,0.0
ATTAGTGTCGGACGAGAGTG,1358,820,0,0.0
ATTCAATCCTTCGTTGGTTG,3690,1673,0,0.0
ATTCACGATTGCTCCGATAG,1863,1130,0,0.0
ATTCACGATTTTCGATCGAA,1238,728,0,0.0
ATTCATAGCGCCTCGCTTAA,2095,1002,0,0.0
ATTCATAGCGCGTAAGTTAG,776,565,0,0.0
ATTCCGTAACTAAGAGGCCT,1064,676,0,0.0
ATTCCTATGAACTTGTGTCT,1017,732,0,0.0
ATTCCTATGACCGTGCCTTC,1631,970,0,0.0
ATTCCTATGAGTTATAGGTG,675,469,0,0.0
ATTCCTTCGGCCAACTTCAC,837,513,0,0.0
ATTCCTTCGGGTTACACTTA,1266,772,0,0.0
ATTCGACCTTGAGTATGGCA,829,500,0,0.0
ATTCGACCTTGGCACGCGGA,1539,965,0,0.0
ATTCGACCTTTTCATCTGGA,548,441,0,0.0
ATTCGGCTACAGCCGTCTCG,594,459,0,0.0
ATTGAGAGGTAAGCTTATTA,1438,871,0,0.0
ATTGAGAGGTCACACCTAAC,1988,1071,0,0.0
ATTGCCAACGATGTGGTTAA,1864,976,0,0.0
ATTGCTCGTAATGGTCACGG,1183,748,0,0.0
ATTGCTCGTACCAAGACACA,3691,1823,0,0.0
ATTGCTCGTACCTCGCAACT,858,639,0,0.0
ATTGTAGCCTAGAAGGTAAT,684,527,0,0.0
ATTGTAGCCTGGCCTGGAGA,1855,1011,0,0.0
ATTGTAGCCTTCCACGTTGT,789,524,0,0.0
ATTGTAGCCTTGCTGCCTTC,1066,548,0,0.0
CAACACCTGTCGCTTGCACG,832,597,0,0.0
CAACACCTGTTTCCTGTCAT,834,454,0,0.0
CAACACCTGTTTGCTCGGAA,1315,894,0,0.0
CAACAGGCTTAATACCTCGT,778,565,0,0.0
CAACAGGCTTTCAACGGCAC,798,596,0,0.0
CAACCACGATGCAGCTCGTG,2352,1229,0,0.0
CAACGCGGATCTATTGGAAT,1896,1189,0,0.0
CAACGCGGATTAGACTCCTT,1912,1016,0,0.0
CAACGCGGATTAGCTGAACC,993,704,0,0.0
CAACTACGGATAGTGTCATG,1348,804,0,0.0
CAAGATCGGAATTCTCTTAG,1656,814,0,0.0
CAAGCATGGAAGTTCCACGT,808,591,0,0.0
CAAGCCTACTCTCCTTACAC,577,460,0,0.0
CAAGCCTACTGAGTATGGCA,911,579,0,0.0
CAAGCCTACTTCCTGTGCGC,3246,1501,0,0.0
CAATAAGTCACCTGGCGGCA,524,383,0,0.0
CAATAAGTCATGGTTCATAG,2508,1340,0,0.0
CAATACGTACCAGTGGAGCT,1276,862,0,0.0
CAATACGTACCCGAGTAACA,1578,925,0,0.0
CAATAGCTTCAATACCTCGT,520,417,0,0.0
CAATAGCTTCCAAGAAGAGT,1377,790,0,0.0
CAATAGCTTCCCGATGTAAG,924,686,0,0.0
CAATAGCTTCGAATGATATA,2179,1053,0,0.0
CAATAGCTTCGACCAGTAAC,679,546,0,0.0
CAATAGCTTCGATTCACTGG,780,595,0,0.0
CAATAGCTTCTCCTCATGTT,1719,1094,0,0.0
CAATGCGCCACGTTGCTACG,659,486,0,0.0
CAATGCGCCAGAACCTGCCA,2138,1257,0,0.0
CAATGCGCCATTACTTAGAG,711,492,0,0.0
CAATGGCCTACAAGTGCGGT,2368,1242,0,0.0
CAATGGCCTACTAGTTGTAG,1413,962,0,0.0
CAATGGTCGGCAGAAGTGCA,2287,1229,0,0.0
CAATGGTCGGGACGAGTTCC,1268,802,0,0.0
CAATGTATCTTTAATACCAA,2028,1248,0,0.0
CAATTGGATGACCGTACGGT,2360,1020,0,0.0
CAATTGGATGTCATGACAGC,776,599,0,0.0
CACACATCTCAACAGTCAAG,720,559,0,0.0
CACACATCTCCACTATAAGA,1434,929,0,0.0
CACACATCTCGCAGAGCGAG,955,691,0,0.0
CACACCTTCGTCAACAGGTA,3443,1628,0,0.0
CACACTTGTAACCGCGCAAG,659,490,0,0.0
CACACTTGTAATTCCACGGT,2904,1183,0,0.0
CACAGACGGCTATAATCCGG,3996,2034,0,0.0
CACAGTTGCTAGTACTCGGA,1012,751,0,0.0
CACAGTTGCTCCGAGTAACA,1191,783,0,0.0
CACATACACCATAGATTGCT,1324,829,0,0.0
CACATACACCGATCACAGTT,854,556,0,0.0
CACATACACCTACACCGATA,977,683,0,0.0
CACATAGCCAAAGCACCGAT,5382,1831,0,0.0
CACATAGCCACATAGCGTGG,1274,771,0,0.0
CACATAGCCATCGATCTCTG,652,488,0,0.0
CACATAGCCATGAGGATCAT,2251,1119,0,0.0
CACATGACAGACGTGATGCT,20842,5581,0,0.0
CACATTACCTCGCTGTCCAA,1421,879,0,0.0
CACATTACCTTAGATGACAA,593,476,0,0.0
CACCACACCTAAGGACAAGG,2113,1030,0,0.0
CACCACACCTTAGCTGAACC,8167,2691,0,0.0
CACCATCATTACAGTCTGAG,2927,1518,0,0.0
CACCATGGCCGTATAAGGTC,685,515,0,0.0
CACCATGGCCGTCTATCACC,785,611,0,0.0
CACCATGGCCTCAGACTCAC,1702,1077,0,0.0
CACCGAACGTCCTGTACTGG,831,490,0,0.0
CACCGAACGTTGAGGATCAT,1754,1030,0,0.0
CACCTGTGCGATCACGGTGG,627,505,0,0.0
CACCTGTGCGCGGTAGGTGC,1656,911,0,0.0
CACCTGTGCGGTCTGATACG,910,663,0,0.0
CACGAATGTTGGCCTTCCAT,7013,2388,0,0.0
CACGAATGTTGTCGCGAACC,2869,1447,0,0.0
CACGAATGTTTGAGACCGTA,3451,1795,0,0.0
CACGAATGTTTGATGCCAAC,936,690,0,0.0
CACGAATGTTTGGCCATGGT,1598,663,0,0.0
CACGGACCACAGACTCCTTC,685,520,0,0.0
CACGGACCACGGACTTCATC,644,515,0,0.0
CACGGACCACTCATACTCTG,776,538,0,0.0
CACGTAGGTGCGGAAGGTTG,789,547,0,0.0
CACGTCAGGACATCGTTGTT,788,521,0,0.0
CACGTCAGGATCGAACACAT,2357,1243,0,0.0
CACTAACATAAACACCAGAC,1264,827,0,0.0
CACTCACTAGGAGATGAATC,695,535,0,0.0
CACTCACTAGGCAACGGAGC,2585,1244,0,0.0
CACTCACTAGGCCTGCGCAT,752,584,0,0.0
CACTCACTAGTGCTCCAGTT,1100,837,0,0.0
CACTCGAGTGAGCCTTATAT,1531,955,0,0.0
CACTCGTTCTGGCCTGGAGA,8648,2838,0,0.0
CACTCGTTCTTCCACCTCAT,791,593,0,0.0
CACTGGCCGCCTTACACTAC,581,458,0,0.0
CACTTCCTGTCAGGCTCAGT,685,544,0,0.0
CACTTCCTGTTGGTTCATAG,4112,1922,0,0.0
CACTTGATGACGAATGTACT,2445,1218,0,0.0
CACTTGATGAGTCTGATTAT,4678,1827,0,0.0
CACTTGATGATGAGACCTCC,2275,1255,0,0.0
CAGAACTCTTCAAGAAGAGT,1606,881,0,0.0
CAGAACTCTTTCTTGTTAGG,833,553,0,0.0
CAGACCAGCCGTACGAGTTC,3776,1696,0,0.0
CAGACGCCATACATCGACGT,792,541,0,0.0
CAGACGCCATATGTACCGTG,817,616,0,0.0
CAGACGCCATATGTCACGCT,833,586,0,0.0
CAGACGCCATTCTTGCTGCT,1279,811,0,0.0
CAGAGCCGAAAAGTCCACGA,833,609,0,0.0
CAGAGCCGAAGTGTGTCAGC,887,687,0,0.0
CAGAGGTCACGGTCGCTCTG,2303,1189,0,0.0
CAGAGGTCACGTATTAAGCG,521,431,0,0.0
CAGATATAGCGTCAAGTTAC,652,402,0,0.0
CAGATATAGCTAGGCTGATT,1036,510,0,0.0
CAGATATAGCTCACAGTCCG,790,595,0,0.0
CAGATCTATATCTCAGAACC,1562,929,0,0.0
CAGCAGCGGTACCGGTGAGA,1028,648,0,0.0
CAGCAGCGGTGGCGGCGATA,868,599,0,0.0
CAGCAGCGGTTGGAATGAAC,1120,767,0,0.0
CAGCAGTATACCTGATGCAT,6469,2169,0,0.0
CAGCAGTATAGTAGATATAT,829,576,0,0.0
CAGCAGTATATAATCCGGAT,572,462,0,0.0
CAGCATCGAAACAACCGGAT,1252,668,0,0.0
CAGCATCGAAATAGCCACGC,900,645,0,0.0
CAGCATCGAACGGTAGTCAT,2480,1371,0,0.0
CAGCATCGAATGACGCAACT,1605,1036,0,0.0
CAGCCTATACATCACGGTGG,3220,1363,0,0.0
CAGCCTATACCGGTAGTCAT,2145,1094,0,0.0
CAGCCTATACGTAATGCTGA,1177,711,0,0.0
CAGCCTATACTACCAGCCAA,1408,935,0,0.0
CAGCCTCGCGTTACGTAACG,1352,852,0,0.0
CAGCGTGCAACGTGCACGGA,3462,1628,0,0.0
CAGCTATGATCGCATATGTT,813,574,0,0.0
CAGCTGTTGTTTCATTGCGA,3394,1714,0,0.0
CAGGACAACTGACCTGTGAT,895,616,0,0.0
CAGGACAACTGGCTTCGTTC,1694,911,0,0.0
CAGGACCGAGACGTTGGTGC,1920,1050,0,0.0
CAGGACGCACAAGAGAGCGG,3046,1413,0,0.0
CAGGACGCACACGGACGCCT,547,381,0,0.0
CAGGACGCACGAACTACAAC,1280,784,0,0.0
CAGGATGCCACGCAGTAGAT,1359,768,0,0.0
CAGGTCAGTCCATTAACCGC,1927,1106,0,0.0
CAGGTCAGTCCCTCGAAGAT,619,509,0,0.0
CAGGTCAGTCTCTGTATGTT,831,601,0,0.0
CAGGTGTCGACTTAGTAGTC,2335,1328,0,0.0
CAGGTGTCGATCAGGCCTTC,798,577,0,0.0
CAGGTGTCGATCTGCAGCGT,5239,2036,0,0.0
CAGTAGCTCACCTCATCGTG,865,627,0,0.0
CAGTCAACGTAATGGCGTGA,1309,776,0,0.0
CAGTCAACGTAGTATGCCAT,4467,1987,0,0.0
CAGTCAACGTGCCGACTCTT,1929,1258,0,0.0
CAGTCAACGTGTATTAAGCG,5994,2623,0,0.0
CAGTCAACGTGTCACATTGT,2650,1277,0,0.0
CAGTCAACGTTATGTGGTAA,1014,555,0,0.0
CAGTCAACGTTGCCTCAATG,840,614,0,0.0
CAGTCAACGTTTCTAGACCG,521,430,0,0.0
CAGTCACCTCCCGATGTAAG,1309,804,0,0.0
CAGTGCGGACAGTGTGCTCT,3161,1184,0,0.0
CAGTGCGGACTGCACCACAG,592,429,0,0.0
CAGTGTGTCAATGCTTGGTT,635,502,0,0.0
CAGTGTGTCACAAGTCTAGA,1932,943,0,0.0
CAGTGTGTCACTATGGCAAG,1353,908,0,0.0
CATAATACTGCCAAGTTAGC,1014,554,0,0.0
CATAATACTGCTTATGTAGT,1647,995,0,0.0
CATACCTAGACTTGGCACTT,4270,1846,0,0.0
CATACCTAGATCTTCCGGAA,650,521,0,0.0
CATAGGTACTATCATCGGAG,1291,915,0,0.0
CATAGGTACTCGTATGTCCA,596,442,0,0.0
CATAGGTACTTTAACGGTCT,699,519,0,0.0
CATCAAGGACCTCCGGCCGA,958,685,0,0.0
CATCAAGGACTAGTGGCCGT,5614,2093,0,0.0
CATCACTGCGACAGGTTGGT,1297,828,0,0.0
CATCACTGCGGTATTCCAGG,1269,674,0,0.0
CATCATGTCGATCGAGTCCT,783,607,0,0.0
CATCATGTCGCCTTCGCGTC,1239,864,0,0.0
CATCATGTCGTTCGCCGGCT,713,550,0,0.0
CATCGAATGCACCTGGACAA,3653,1740,0,0.0
CATCGAATGCTGTTCGTCGT,834,592,0,0.0
CATCTGATCTGTTCAATTCC,530,433,0,0.0
CATCTGCCGAACGGACGCCT,2861,1369,0,0.0
CATCTGCCGAGAGATGAATC,1848,723,0,0.0
CATCTGCCGATACCGTATAT,848,637,0,0.0
CATCTGGAGGCATAATCGTC,1068,656,0,0.0
CATGAAGTGACGCAGATCTA,1229,842,0,0.0
CATGAAGTGAGCTATAGTAT,1778,1030,0,0.0
CATGAAGTGATTCATCGTCC,802,467,0,0.0
CATGCGTCCGGTCAAGTTAC,1991,1276,0,0.0
CATGCGTCCGTATAACATGA,5847,2145,0,0.0
CATGCGTCCGTTCGTACGTA,566,441,0,0.0
CATGGAGATGCGTTGCTACG,1045,638,0,0.0
CATGGTCTACTTAATGATCC,769,568,0,0.0
CATGTGCCATAAGTACATTC,2810,1447,0,0.0
CATGTGCCATGAGTATGGCA,1241,809,0,0.0
CATGTGTACCAGGCATACCA,2037,1228,0,0.0
CATGTGTACCGCGAAGATAG,764,551,0,0.0
CATGTGTACCTCCAAGCGGT,957,643,0,0.0
CATGTGTACCTGATGAACGG,6641,2462,0,0.0
CATTCTCTCCACACATCCTC,1164,590,0,0.0
CATTCTCTCCAGTACCAGCG,1179,792,0,0.0
CATTCTCTCCCATATTGCCG,701,546,0,0.0
CCAATATGAAACCTCGCAGA,568,438,0,0.0
CCAATATGAAACCTCTGATA,1730,1030,0,0.0
CCAATATGAAATGGAATGTA,580,466,0,0.0
CCAATCAGTCGGAATCCGGT,541,431,0,0.0
CCAATCAGTCGGTGTAGCGG,826,516,0,0.0
CCACAGCGTTATGCTTATGC,1783,1076,0,0.0
CCACAGCGTTCTCTCCTTAA,2028,1147,0,0.0
CCACGACAAGCCGTGCCGCA,1232,869,0,0.0
CCACGACAAGGCCGCCATCA,4198,1775,0,0.0
CCACGACAAGGCCGCCGTGT,1725,1086,0,0.0
CCACGACAAGGCCTCTCGCG,869,676,0,0.0
CCACGACAAGGTTGGTAGTG,1963,1188,0,0.0
CCACGACAAGTACACCGATA,928,632,0,0.0
CCACTAGTCTAACGCGGACA,786,589,0,0.0
CCACTAGTCTGCACGACGTA,939,612,0,0.0
CCACTAGTCTGGTGTTAATC,1277,857,0,0.0
CCACTCAAGTATACATTATC,928,542,0,0.0
CCACTCAAGTTTGGTCCAGC,1675,1059,0,0.0
CCACTCACCAAATGACGGCC,1427,852,0,0.0
CCAGCGTCCAGACACGCTCA,1047,768,0,0.0
CCAGGACTATACAGGTTCCA,864,640,0,0.0
CCAGGACTATACGACCTTCG,1294,758,0,0.0
CCAGGACTATCAACCGATGT,993,707,0,0.0
CCATACAGCTACACTCTATC,1130,805,0,0.0
CCATCAGAATGAGTATGGCA,2657,1374,0,0.0
CCATCGAACCCCAATCGGCA,793,594,0,0.0
CCATCGAACCCGACTCTGAG,507,429,0,0.0
CCATCGAACCGTCTATATCG,786,605,0,0.0
CCATCGAACCGTGGTACAGG,1943,973,0,0.0
CCATCGAACCTAGAGCTAGT,1745,1191,0,0.0
CCATCGGCGAATCTGTAGTA,1212,858,0,0.0
CCATCGGCGAATGGTTGGAA,581,462,0,0.0
CCATCGGCGATCTGAGCCAC,3427,1658,0,0.0
CCATCGTAAGCGAATCTCCG,521,383,0,0.0
CCATCGTAAGTTATCCTACG,881,589,0,0.0
CCATCTGTCGAGCGAGAACC,2665,1302,0,0.0
CCATCTGTCGATGTGGTTAA,1015,580,0,0.0
CCATCTGTCGGCGCTCATAC,1487,949,0,0.0
CCATGAGGCCACGGCCGAGG,508,397,0,0.0
CCATGAGGCCAGGCTCGCCT,580,439,0,0.0
CCATGAGGCCGCGCTAGCAT,1227,835,0,0.0
CCATGAGGCCTCATCTGAGC,2353,1123,0,0.0
CCATGTGGTACGATGTGCTT,691,498,0,0.0
CCATTGCTGCGGACTCTAAC,1709,1011,0,0.0
CCGAAGCTGAACGGTTCGTT,634,520,0,0.0
CCGAAGCTGAATGCAGATCC,1584,876,0,0.0
CCGAAGCTGACCACATACGT,1350,765,0,0.0
CCGAAGCTGACTGTAGTTGT,1379,938,0,0.0
CCGAATTACTCTCTGTCGCA,765,516,0,0.0
CCGCAGGACAATGTACACCG,4501,1802,0,0.0
CCGCAGGACAGTCTCCGGTT,5074,1973,0,0.0
CCGCAGGACATCTTCCGGAA,3768,1732,0,0.0
CCGCAGGACATGTATACACG,1512,958,0,0.0
CCGCAGGACATTGCCACTCC,1817,1078,0,0.0
CCGCAGTGCGTGGCAAGACA,2277,1106,0,0.0
CCGCCAATCGCGCAGTAGAT,1013,680,0,0.0
CCGCCAATCGGCGATCGGCG,1452,855,0,0.0
CCGCCTCCTTATAGGTTGAG,3267,1446,0,0.0
CCGCCTCCTTCGGACGTCCG,1911,1152,0,0.0
CCGCGGCTACATTACCAGAA,903,617,0,0.0
CCGCGGCTACGAGAACCTAA,577,468,0,0.0
CCGCTTGATAAATGCGGCAT,539,420,0,0.0
CCGCTTGATAAGACGGATGT,959,655,0,0.0
CCGCTTGATATCATTACGAG,1463,790,0,0.0
CCGGCCTTAGATGACATCTC,15769,3898,0,0.0
CCGGCCTTAGGACGCGCCAC,2595,1556,0,0.0
CCGGCCTTAGTGCTAGTTGG,1204,759,0,0.0
CCGGCCTTAGTGTTCGTCGT,1099,757,0,0.0
CCGGCGAAGGCCTCGCTTAA,789,596,0,0.0
CCGGCGAAGGCTTGGACCTA,1311,927,0,0.0
CCGGCGAAGGTTGCTAGCTT,554,440,0,0.0
CCGGTACATTATTCCACGGT,934,632,0,0.0
CCGGTACATTGACATGGTTA,1197,753,0,0.0
CCGGTGTGCCTGGCTATACC,2447,1308,0,0.0
CCGGTTCTTAATCGTTACCG,1987,1118,0,0.0
CCGGTTCTTACACGAGAAGT,1192,720,0,0.0
CCGGTTCTTACTTCCTCCTG,1119,782,0,0.0
CCGGTTCTTAGAAGCTCATA,1611,880,0,0.0
CCGTGCTCGCTGAACAGGCT,2031,1062,0,0.0
CCGTGGAAGACTCGAGTATA,639,432,0,0.0
CCGTGGAAGATGGCCGTCTC,1598,881,0,0.0
CCGTGTGCCGACGAGCGAGC,858,531,0,0.0
CCGTGTGCCGATCGGCTGAA,829,591,0,0.0
CCGTGTGCCGTCGAACACAT,1492,972,0,0.0
CCGTTAGTTCCAGTGGAGCT,839,521,0,0.0
CCGTTAGTTCGCGTGACTTG,9694,3188,0,0.0
CCGTTGGAGGACCTGTTGTG,549,420,0,0.0
CCTACACGGTGCGAGTAGCG,1280,858,0,0.0
CCTACACGGTGCGCCAATAT,8940,3306,0,0.0
CCTACACGGTGGCGCGAATA,963,724,0,0.0
CCTACTCTTGACATGGAAGC,1375,830,0,0.0
CCTACTCTTGCTAGCATAAG,1615,964,0,0.0
CCTACTCTTGGCGCGTTGCT,1354,801,0,0.0
CCTAGCCTATCTATGCTTCG,961,559,0,0.0
CCTAGCCTATGAGTATGGCA,2827,1282,0,0.0
CCTAGCCTATGCCGTTAGTT,792,589,0,0.0
CCTAGGAGCGTGGAGGCAAT,525,389,0,0.0
CCTAGGTCATATTGTAATGT,1215,839,0,0.0
CCTAGTTCTCCAACTAGATT,1465,915,0,0.0
CCTAGTTCTCTGTAGCTTCA,1250,747,0,0.0
CCTCAGATATCACCTACCGC,884,541,0,0.0
CCTCGTCACAATAGAGACTA,861,628,0,0.0
CCTCTCCTGAACCGAAGGTC,1906,1095,0,0.0
CCTCTCTAAGGACCTGTGAT,2296,1152,0,0.0
CCTCTCTAAGGCCAGCGGAA,528,357,0,0.0
CCTGATCCTCGAGCCGGATT,721,456,0,0.0
CCTGATCCTCGCCGCCATCA,6234,2529,0,0.0
CCTGCCTCCTTGAATTCGGA,1117,745,0,0.0
CCTTACACCAATCAACTATA,1219,890,0,0.0
CCTTACACCATCAGACTCAC,513,437,0,0.0
CCTTAGCGCTAGGCTGAACG,1543,1009,0,0.0
CCTTAGCGCTAGTTCCACGT,776,572,0,0.0
CCTTAGTTCGGGACATTCGG,3250,1241,0,0.0
CCTTCATGAGCTGAGATCTT,1352,789,0,0.0
CCTTGAGATTCGGCCTGACG,930,675,0,0.0
CCTTGCAGTTACGCGTCAAT,627,483,0,0.0
CCTTGCAGTTGAACTAGGCT,5848,2429,0,0.0
CCTTGGATTGGCCGCCGTGT,1645,846,0,0.0
CCTTGGATTGGCTCAAGTTC,1218,740,0,0.0
CCTTGGATTGTATAGTGTCT,1127,719,0,0.0
CGAAGCGATCAGTCCTCGCG,3417,1568,0,0.0
CGAAGCGATCGGACGTCCAG,738,584,0,0.0
CGAATAGTCCGTACACTGCG,1755,1037,0,0.0
CGAATCCTCAAAGCAATTGG,1482,938,0,0.0
CGACAAGTGACTCATCGCGC,779,578,0,0.0
CGACGAGCATTCCTTACATA,733,533,0,0.0
CGACGTCGGAGTCTATATCG,1145,658,0,0.0
CGACGTCGGAGTTCAATTCC,2746,1462,0,0.0
CGACGTTCTACGCAGTAGAT,2056,930,0,0.0
CGAGAATCTTAATCTCGTCT,1104,617,0,0.0
CGAGAATCTTGGCTTGCGAA,542,436,0,0.0
CGAGATATTGACTTGTGTCT,768,566,0,0.0
CGAGATATTGGGCATTCTAA,1397,941,0,0.0
CGAGATATTGGTGGTAGTAT,2691,1503,0,0.0
CGAGCAATAAACGATAATCA,999,659,0,0.0
CGAGCAATAAAGTCGCGCGC,2650,1429,0,0.0
CGAGCCAGTACTCTCCACCA,766,456,0,0.0
CGAGCCAGTAGGCTGTCTTG,2163,1129,0,0.0
CGAGCGATTCGCGGCTGGTT,1784,930,0,0.0
CGAGCTTAACGGTCATTACG,925,613,0,0.0
CGAGGTGGAGGTAAGATTAG,638,450,0,0.0
CGAGGTGGAGGTAAGGCGGT,519,408,0,0.0
CGAGTAGAGAAATCCATTCT,763,510,0,0.0
CGAGTAGAGACTCCTTACAC,1373,783,0,0.0
CGAGTTCTCGGTCGATTCGT,1008,620,0,0.0
CGATAGGCACCTGTACTGTA,718,532,0,0.0
CGATAGGCACGCAGGTCCGA,1020,681,0,0.0
CGATATCCGCGAACTCATCT,1707,963,0,0.0
CGATATCCGCTCATTACGAG,1656,957,0,0.0
CGATCGCTAACTAATTATTC,2900,1627,0,0.0
CGATGTACGATGAACAGGCT,1143,664,0,0.0
CGATTAGGACCTCCTCAATT,2215,1159,0,0.0
CGCAACATCAATGTACACCG,1129,809,0,0.0
CGCAAGCCGGCGGCACCTTC,1042,700,0,0.0
CGCAAGCGTAAAGAGGAGAT,573,444,0,0.0
CGCAAGCGTAGTCGCGAACC,955,690,0,0.0
CGCACTACACATTCCACTTC,891,506,0,0.0
CGCAGTCCTTTTCTCTTGGT,575,422,0,0.0
CGCATCTTAAACGCGCTGCG,5263,2352,0,0.0
CGCATCTTAAAGCAAGTTGA,795,596,0,0.0
CGCATCTTAAGGCCTTCCAT,1042,694,0,0.0
CGCCAGAAGAGGTTGCACTC,1748,907,0,0.0
CGCCTCTACGTGTTACATCA,850,633,0,0.0
CGCCTTGGTCGAGATTAGTT,800,607,0,0.0
CGCCTTGGTCGGTCCGGACC,3957,1505,0,0.0
CGCCTTGGTCTAGACCGACT,848,645,0,0.0
CGCGAATTGAACCGTGAGAG,1266,881,0,0.0
CGCGAATTGAATATCGTCCA,855,587,0,0.0
CGCGAATTGACCTGTACTGG,838,580,0,0.0
CGCGAATTGAGCACCGAATC,1962,1112,0,0.0
CGCGAATTGATGGCTCAGCA,815,530,0,0.0
CGCGCACAATAAGGCAACAT,2045,1048,0,0.0
CGCGCACAATATGACACTGG,1129,766,0,0.0
CGCGCACAATCCACTGTATT,1318,852,0,0.0
CGCGCACAATGAATGCTAGC,651,494,0,0.0
CGCGTGATGGATCAACTATA,1148,803,0,0.0
CGCGTGATGGGAGTATGGCA,2713,1495,0,0.0
CGCTCCATCTTCCGGTTGAC,5187,2248,0,0.0
CGCTGCAAGTCCGCCTTGGT,1620,950,0,0.0
CGCTGCAAGTTGTGGCTATG,785,597,0,0.0
CGCTTAGGTAGCAAGGCTCT,784,515,0,0.0
CGCTTCGACAAGACGGATGT,1381,927,0,0.0
CGCTTCGACACTGGCACACA,1017,625,0,0.0
CGGAATAATGACGATACCAA,682,523,0,0.0
CGGAATAATGATCAGTACCA,779,573,0,0.0
CGGAATAATGCAGTGGAGCT,2515,1446,0,0.0
CGGACAGGCCAGAGAACGGA,3782,1394,0,0.0
CGGACAGGCCGTGATCGAGA,4266,1994,0,0.0
CGGACAGGCCTATGGAAGCT,2463,884,0,0.0
CGGACAGGCCTTGCTTATAA,776,547,0,0.0
CGGACTTAGTAACCTTCAGC,5669,2002,0,0.0
CGGACTTAGTAGGACACTCC,1050,670,0,0.0
CGGACTTAGTTCAGACTCAC,983,740,0,0.0
CGGAGAACGTGTCAAGGTCA,1228,814,0,0.0
CGGAGACATTTGAACAGAAG,829,593,0,0.0
CGGATACGCGCAATCGCGCA,1489,849,0,0.0
CGGATGTGATCAAGTCTAGA,760,559,0,0.0
CGGATGTGATGGAACAGTAT,679,524,0,0.0
CGGCAATCAACGGTTCGTAT,1759,960,0,0.0
CGGCACGTCGACCGGCCACA,1069,799,0,0.0
CGGCAGATTAGACAACCACC,1542,939,0,0.0
CGGCAGATTATAACTGATGG,5666,2254,0,0.0
CGGCAGCCACCGAACCGCAA,3711,1734,0,0.0
CGGCAGCCACTGTAACGATA,1048,725,0,0.0
CGGCAGCTCTCGGTTAAGTG,799,606,0,0.0
CGGCAGCTCTTCCAAGCGGT,1018,731,0,0.0
CGGCCGCGTAACTGGTCCGC,690,462,0,0.0
CGGCCGCGTATTCCTTAACT,1434,962,0,0.0
CGGCGCTAGAATATCGTCCA,510,416,0,0.0
CGGCGCTAGATACTAGCGGA,672,503,0,0.0
CGGTACCAGTGTTCAATTCC,1328,796,0,0.0
CGGTCCACCGATAGAAGTTC,1105,629,0,0.0
CGGTCCACCGCTGCAACGAC,2533,1078,0,0.0
CGGTCCACCGTCATTACGAG,1739,1135,0,0.0
CGGTCGAGTCGCCGAGTTAT,3555,1779,0,0.0
CGGTTATATTCATTAACCGC,1304,913,0,0.0
CGGTTATATTTATCCAGATT,4127,1825,0,0.0
CGTACCGGCTTATGCTCGGA,783,510,0,0.0
CGTACGGAGATTGAGGACAT,738,565,0,0.0
CGTACTTGTGGGACTCGCGT,980,635,0,0.0
CGTATATCGTACACTTCGAT,1454,893,0,0.0
CGTATATCGTCTAGCCGCCA,1383,790,0,0.0
CGTATATCGTGGCTGTCTTG,939,392,0,0.0
CGTCCATTGGAAGAGAGCGG,2069,1153,0,0.0
CGTCCGTCAGCACAGCGAGA,1162,648,0,0.0
CGTCCGTCAGGCAGCTCGTG,749,564,0,0.0
CGTCCGTCAGTCACGTCGCC,4031,1640,0,0.0
CGTCCGTCAGTGTAATCATC,3868,1933,0,0.0
CGTCGCGAAGCTGCGAGTCT,1549,884,0,0.0
CGTCGGTAGGCTTAGGCCAA,831,573,0,0.0
CGTCGGTAGGGATGGCAATG,2919,1048,0,0.0
CGTCGGTAGGGTCTGATACG,759,451,0,0.0
CGTCGGTAGGTCCTGTGGCT,11179,4106,0,0.0
CGTCTGGTTCAAGCCTCAAG,837,600,0,0.0
CGTCTGGTTCAAGTACATTC,874,583,0,0.0
CGTCTGGTTCGTGGCTTCTA,2540,1336,0,0.0
CGTCTGGTTCTTGCCACTCC,978,688,0,0.0
CGTGACGTTGGCAAGGTGAT,977,682,0,0.0
CGTGACGTTGTTACACGCAC,977,654,0,0.0
CGTGACTGAACTCAAGGAGT,739,505,0,0.0
CGTGACTGAAGCACTAATTC,1847,1024,0,0.0
CGTGACTGAATCGCCTATTA,638,498,0,0.0
CGTGAGTATTCAAGTTGATC,780,599,0,0.0
CGTGATCGAGGCAGGTCCGA,1417,828,0,0.0
CGTGCGCATAATCTAAGATG,754,589,0,0.0
CGTGCGCATATACCGTATAT,2362,1360,0,0.0
CGTGGAGAGTATACTTCACA,3712,1638,0,0.0
CGTGGAGAGTTAGACCTTAA,872,627,0,0.0
CGTGTCGCCGGTAGATATAT,796,593,0,0.0
CGTTATCTATAGGTGATGAC,522,436,0,0.0
CGTTATCTATCTCATTCCGG,2473,1304,0,0.0
CGTTATCTATGAAGTCCTAG,653,510,0,0.0
CGTTATCTATTAGACTCCTT,2990,1341,0,0.0
CGTTATCTATTGCCTTCTTC,663,382,0,0.0
CGTTATGGTTAACGGCTCTT,1295,889,0,0.0
CGTTATGGTTCTCACAAGAC,931,624,0,0.0
CGTTATGGTTCTCGGTTGTA,1119,776,0,0.0
CGTTATGGTTCTTAGTTCGA,4063,1972,0,0.0
CGTTCGCTGCAGTACCAGCG,1125,808,0,0.0
CGTTCGCTGCGACATGGTTA,761,541,0,0.0
CGTTCGCTGCTAACACGATT,662,541,0,0.0
CGTTCGCTGCTCTTCGAGAG,794,571,0,0.0
CGTTGGTGGCACCTCTATTG,2441,1308,0,0.0
CGTTGGTGGCCATCGTTGTT,2039,1106,0,0.0
CGTTGTTATCACGCAGCGAA,1209,834,0,0.0
CGTTGTTATCCTTATGCACA,1101,774,0,0.0
CGTTGTTATCGTCTCACGTC,884,602,0,0.0
CGTTGTTATCTACTCAACGG,2157,1096,0,0.0
CTAACCGACTGCACGTCAGT,933,667,0,0.0
CTAACTGTAAGCGCGCCTCG,1302,697,0,0.0
CTAACTGTAATCAGAACAGA,1004,701,0,0.0
CTAAGATGTCACGTACATAA,2790,1641,0,0.0
CTAAGATGTCATGCTTGGTT,1110,697,0,0.0
CTAAGATGTCGGCATCAGCG,4122,1573,0,0.0
CTAATGGAGAAGGCTCGCCT,906,590,0,0.0
CTACGAATGGACAATCACCG,938,693,0,0.0
CTACGAATGGGCCGCAGTCC,835,604,0,0.0
CTACGGAATGGCCGAGTTAT,6669,2666,0,0.0
CTACGGAATGGTCGATTCGT,877,583,0,0.0
CTACGGTGGACACTTACCAA,1127,784,0,0.0
CTACGGTGGACGGAACAGAA,1013,680,0,0.0
CTACGGTGGAGACCATGAAG,4613,1995,0,0.0
CTACTCGACACCTGGCGGCA,888,569,0,0.0
CTACTCGACATTCAGGAGGT,1879,1198,0,0.0
CTACTCTTGTATCAACTATA,804,625,0,0.0
CTACTCTTGTGGCGTCACTG,1896,1065,0,0.0
CTAGATGGTTAACTACGTAG,2162,1376,0,0.0
CTAGATGGTTCCTGCAGCCA,946,630,0,0.0
CTAGATGGTTTCCACGTTGT,658,469,0,0.0
CTAGTACAATTAATGAGAGA,850,633,0,0.0
CTAGTACAATTATCGGCACT,1074,654,0,0.0
CTAGTTAAGCAGTACGTCGC,5855,2582,0,0.0
CTAGTTAAGCCATACACTGA,2323,1194,0,0.0
CTATACTACTCGCAGTAGAT,1237,773,0,0.0
CTATGACCTGCAGAAGTGCA,1165,781,0,0.0
CTATGACCTGTCCGGTTGAC,7591,3104,0,0.0
CTATGCACAGTGGCTATACC,1007,596,0,0.0
CTATGCATTAAACGATTCAA,807,637,0,0.0
CTATGCATTACTGTGAAGGA,2065,1150,0,0.0
CTATGCTAACCCTGCAGCCA,657,462,0,0.0
CTATGGAAGTCCTTAGGCTC,1252,773,0,0.0
CTATGGAAGTGTCAGGTCGG,3085,1284,0,0.0
CTATGGAAGTTTCATCGTCC,887,657,0,0.0
CTATTACACGACCGAAGACA,511,368,0,0.0
CTATTACACGGAGAACGATT,627,483,0,0.0
CTATTACACGGGTGTTAATC,1333,855,0,0.0
CTATTACACGGTCGACGAGT,1264,852,0,0.0
CTATTCTGATGATTCACTGG,1092,704,0,0.0
CTATTGGTCCACACTCTATC,1254,754,0,0.0
CTATTGGTCCTTCGTTCGCG,1665,879,0,0.0
CTCAAGTTCTTCCTAGAATC,1415,742,0,0.0
CTCAATGCAGATACGCGATA,3705,1640,0,0.0
CTCAATGCAGATAGATTGCT,937,646,0,0.0
CTCAATGCAGTATACCGCAT,1790,980,0,0.0
CTCAATGCAGTGATGAACGG,1328,839,0,0.0
CTCAATGCAGTTGCTGACTA,644,473,0,0.0
CTCAATGTTCCTGTGTCGGT,1134,776,0,0.0
CTCAATGTTCGCACATGGCA,888,577,0,0.0
CTCAATGTTCGTCACAGGAT,2650,1274,0,0.0
CTCACCGTTAACCGAAGACA,549,443,0,0.0
CTCACCGTTATCTACGGACA,840,640,0,0.0
CTCAGAACGGATACTATGTT,1593,879,0,0.0
CTCAGAACGGCGTTGAGCAA,1506,999,0,0.0
CTCAGAACGGGGCATTCTAA,779,588,0,0.0
CTCAGAACGGTATCCAGATT,700,468,0,0.0
CTCAGAACGGTTCATTGCGA,2770,1534,0,0.0
CTCAGATTACGTCGGCAGTA,607,503,0,0.0
CTCAGTTAGGAGCAGTGGTA,906,619,0,0.0
CTCAGTTAGGGTCACAGGAT,2362,1191,0,0.0
CTCCACCGGCAAGAGGAGAT,740,572,0,0.0
CTCCAGACGCGCGCTCATAC,1196,830,0,0.0
CTCCAGTGCAAAGGCAACAT,1644,961,0,0.0
CTCCAGTGCACAAGCCGGAG,3053,1561,0,0.0
CTCCTAATATCTACTAAGGT,2725,1455,0,0.0
CTCCTCAGAAAACGTCTTGA,922,603,0,0.0
CTCCTTGAATTCTTCGAGAG,842,631,0,0.0
CTCGCAGTTGTAGAGCTAGT,654,485,0,0.0
CTCGCAGTTGTTCATCGTCC,1526,1067,0,0.0
CTCGCTGGACAGGCTCGCCT,4753,1797,0,0.0
CTCGCTGGACGGACGGTATA,516,413,0,0.0
CTCGCTGGACGGCGAATCTC,1447,840,0,0.0
CTCGCTGGACTTGAGGACAT,1873,1211,0,0.0
CTCGGATCAAGGTATGTGGA,2750,1409,0,0.0
CTCGGATCAAGTAGGCATGC,1344,818,0,0.0
CTCGGTATCGGTTGATGGTA,948,463,0,0.0
CTCGGTATCGTAGAGCTAGT,915,686,0,0.0
CTCGTAGTACCAGCTAACAC,1054,746,0,0.0
CTCTACAGTGGGCGATCATA,1530,650,0,0.0
CTCTACAGTGGTTATAGGTG,1302,775,0,0.0
CTCTACAGTGTAGCTAGCCG,4098,1689,0,0.0
CTCTACGATTAGCTCAGGAG,1328,810,0,0.0
CTCTACGATTAGGTACGCGG,1086,719,0,0.0
CTCTAGAACCCCAATCGGCA,592,366,0,0.0
CTCTAGAACCTTCGCCGGCT,605,429,0,0.0
CTCTCTTACATTCGTTCGCG,1600,920,0,0.0
CTCTGTTGGCATGTCTGTAA,989,711,0,0.0
CTCTGTTGGCCAGATTCAAG,794,595,0,0.0
CTCTGTTGGCGATTAGCCTC,1057,607,0,0.0
CTGAACACGTAGGTTATCTA,1906,1139,0,0.0
CTGAACACGTGCTTGTCACT,1237,905,0,0.0
CTGAATCTCGCGGTGTAGCC,796,615,0,0.0
CTGAATCTCGTGAGGATCAT,967,579,0,0.0
CTGACAAGCAAATTGAGAGT,3213,1556,0,0.0
CTGACAAGCAATTCGCGAAC,1013,468,0,0.0
CTGACGTGGTCGCACTGGCA,1462,926,0,0.0
CTGACGTGGTCTACGATCAG,965,611,0,0.0
CTGACGTGGTGCAAGGTGAT,1777,1025,0,0.0
CTGACGTGGTTGGAGGCAAT,3737,1723,0,0.0
CTGAGAATCCCTCGGAGATA,916,551,0,0.0
CTGATTAACGCGCGTCTGCT,1222,759,0,0.0
CTGATTAGGTACCATACGAG,1558,811,0,0.0
CTGCACAGTTAAGAGGAGAT,1725,1068,0,0.0
CTGCACAGTTAGGATAGGTT,949,520,0,0.0
CTGCACAGTTATACGCGATA,917,689,0,0.0
CTGCACAGTTCTCAACAACG,1559,909,0,0.0
CTGCACAGTTGTAGATATAT,848,592,0,0.0
CTGCACAGTTTCCACGTTGT,1879,989,0,0.0
CTGCACGCCAAGAGGTGCTA,1214,759,0,0.0
CTGCACGCCAATTCCAACCA,746,517,0,0.0
CTGCCGGTTGACGACAGATC,8484,3114,0,0.0
CTGCCGGTTGCAGTTGTGAC,1521,842,0,0.0
CTGCCGGTTGCCACGCCGGT,819,492,0,0.0
CTGCCGGTTGCGGTTGATGT,2631,1338,0,0.0
CTGCCGGTTGTTACATCAAG,1210,743,0,0.0
CTGCCGGTTGTTCGGCTAAC,937,688,0,0.0
CTGCGTCAAGACACTTCGAT,765,589,0,0.0
CTGCGTCAAGAGGCGGAAGC,1168,794,0,0.0
CTGCTACCAATTACACGCAC,615,468,0,0.0
CTGGCGGTCACCTGATGCAT,847,673,0,0.0
CTGGTGCTTGAAGTGAAGAA,1669,998,0,0.0
CTGGTGCTTGCAAGCTTCTA,574,441,0,0.0
CTGGTGCTTGCTAGCCGCCA,669,515,0,0.0
CTGGTGCTTGTGAACCTATC,1461,857,0,0.0
CTGTAACGCGGAGACGCACG,3689,1828,0,0.0
CTGTCTATGCGGTACCTTAA,3485,1658,0,0.0
CTGTGCGAATTAGATCGCGA,1440,788,0,0.0
CTGTGCGAATTCAGGCCTTC,1857,1099,0,0.0
CTGTTGTCCGACAGTCTGAG,796,521,0,0.0
CTGTTGTCCGTTAATACCAA,1315,793,0,0.0
CTTAAGTATGTTCAATCAGC,3745,1612,0,0.0
CTTAGCTCCGGCCTCTCGCG,1758,741,0,0.0
CTTAGTGGAACTTGGCACTT,1249,846,0,0.0
CTTAGTGGAAGCCGCCATCA,863,596,0,0.0
CTTAGTGGAAGGTTACTGAG,931,598,0,0.0
CTTATAGTGACGTAAGAAGG,653,476,0,0.0
CTTATAGTGACTTCCTCCTG,1200,769,0,0.0
CTTATCGAATAGTGAGTAAG,1056,651,0,0.0
CTTATCGAATCATCCACGCC,1087,717,0,0.0
CTTATCGAATTAATGTTCTG,1297,878,0,0.0
CTTATCGAATTGCCTTCTTC,1039,676,0,0.0
CTTCACACAAGCCGCCGTGT,6758,2101,0,0.0
CTTCACACAAGTTGAGGTTG,835,519,0,0.0
CTTCATAATGCAAGCGTATC,948,622,0,0.0
CTTCATAATGGAGTATGGCA,509,400,0,0.0
CTTCCTAACAACCACAATAA,2856,1526,0,0.0
CTTCCTAACAGCAAGGCTCT,1289,772,0,0.0
CTTCGTCATTCGACGAGACC,627,371,0,0.0
CTTCGTCATTGATACGACTC,782,612,0,0.0
CTTCTAGCGGACGCCTCCGA,4327,2026,0,0.0
CTTCTAGCGGCGGTCGCGCG,714,551,0,0.0
CTTCTAGGCTACGGACGCCT,778,544,0,0.0
CTTCTAGGCTACGTACCATT,2391,1274,0,0.0
CTTCTAGGCTCGTTGAGCAA,761,568,0,0.0
CTTCTAGGCTTCACTCTGAT,736,577,0,0.0
CTTCTCGAGCTACCAGCCAA,2671,1219,0,0.0
CTTCTCTGCCACCTGTTGTG,2644,1337,0,0.0
CTTCTCTGCCTCACAAGGTT,876,504,0,0.0
CTTCTCTGCCTGTCATCGTA,773,525,0,0.0
CTTCTTAGGACCGCCTTGGT,773,597,0,0.0
CTTCTTAGGATACTTCCACG,1963,1107,0,0.0
CTTCTTAGGATGGATCGACC,5674,2323,0,0.0
CTTGCCAGCACGGTAGGTGC,957,691,0,0.0
CTTGGCCGCGCAATGCTCTC,759,459,0,0.0
CTTGGCCTGACAGTGTTGGA,738,509,0,0.0
CTTGGCCTGATTAACGGTCT,764,542,0,0.0
CTTGTTATCAGAGTTCTCGC,3628,1677,0,0.0
CTTGTTATCAGCAGGTCCGA,520,437,0,0.0
CTTGTTATCATAGATGACAA,1123,775,0,0.0
GAACAACCGAGGTGGACATA,538,367,0,0.0
GAACATCACACTATTGGAAT,1465,899,0,0.0
GAACATCACATTATCCTACG,2104,1277,0,0.0
GAACGACTGTTATAGTGTCT,948,636,0,0.0
GAACGCAATCATTCCAACCA,3331,1509,0,0.0
GAAGCGGCGTGGTTAGTACT,511,414,0,0.0
GAAGGATCGTACTCCTGTCG,1036,658,0,0.0
GAAGGATCGTATAGTCAATC,1526,998,0,0.0
GAAGGATCGTCGACTTCGTG,2465,1321,0,0.0
GAAGGATCGTTACACAGGCG,989,652,0,0.0
GAAGGATCGTTGCCTTCTTC,1413,770,0,0.0
GAAGGATCGTTTCTATGATA,1367,714,0,0.0
GAAGTCTCACGCACATGGCA,593,498,0,0.0
GAAGTCTCACTTCGATCGAA,827,596,0,0.0
GAAGTCTCACTTGCCAGTTA,569,462,0,0.0
GAATACGAATCTCTTCGCAT,1087,671,0,0.0
GAATCAATTCAACATTACGG,1727,1085,0,0.0
GAATCCGATCAACGCGTGGC,2143,1243,0,0.0
GAATCGTGACTACTCAACGG,1458,819,0,0.0
GAATCGTGACTCATCGAGGC,925,561,0,0.0
GAATGGAAGGCCTACGCAAC,690,528,0,0.0
GAATGGAAGGCCTATATAAT,1312,835,0,0.0
GAATGGAAGGGTCGTCCAAT,643,483,0,0.0
GAATGGAAGGTCTTACGTCT,2447,1255,0,0.0
GACACACCTAATCTGCAATC,2120,890,0,0.0
GACACACCTACACTTACCAA,754,545,0,0.0
GACACATATTCTGTCTGCAG,505,383,0,0.0
GACACATATTGGTCTGTTCT,1470,880,0,0.0
GACACCGCGAAGATGTTCAC,637,498,0,0.0
GACACCGCGACTCTATGGCT,1440,896,0,0.0
GACACCGCGAGGCACGGCTG,609,454,0,0.0
GACACCGCGATATGCATACC,687,536,0,0.0
GACACTAGAGATGCTTATGC,615,493,0,0.0
GACACTAGAGCGCCAGAGTG,852,551,0,0.0
GACAGCGAATACGTTGGTGC,1176,792,0,0.0
GACAGCGAATTGCTAGTTGG,562,449,0,0.0
GACAGCGAATTTAATAGTAC,1901,1189,0,0.0
GACAGCGGTCCCGATTAAGC,2402,1162,0,0.0
GACAGCGGTCCGGAAGGTTG,2957,1386,0,0.0
GACAGGTCTTAGAGCAATCG,594,339,0,0.0
GACAGGTCTTCCTGACAGCG,884,657,0,0.0
GACAGGTCTTGCTAACCTAC,1442,678,0,0.0
GACAGGTCTTTACAGGATTA,1094,697,0,0.0
GACAGGTCTTTTCTTGGTAC,1693,1076,0,0.0
GACATAAGTGAGGTCTTCGG,820,576,0,0.0
GACATAAGTGGTATCAGTGA,586,434,0,0.0
GACATAAGTGGTCTGATACG,1116,469,0,0.0
GACATAAGTGTAAGTGACAT,2404,1270,0,0.0
GACATAAGTGTCTTACGTCT,3036,1443,0,0.0
GACATAGTCCCAGGAACTTA,680,454,0,0.0
GACATAGTCCCATCTTACCA,694,519,0,0.0
GACATAGTCCCTGTGAAGGA,1112,783,0,0.0
GACCAGAGGAACAACCGGAT,903,635,0,0.0
GACCAGAGGAAGTATGCCAT,3396,1448,0,0.0
GACCAGAGGACTTCCTGGCG,941,650,0,0.0
GACCAGAGGACTTGGCTTAT,890,655,0,0.0
GACCGACACAAACACCAGAC,1315,863,0,0.0
GACCGACACACCGATGTAAG,1121,676,0,0.0
GACCGGAATAAGTACTCGGA,1321,817,0,0.0
GACCGGAATACCAGAGGATG,1886,900,0,0.0
GACCGGAATAGACTAGCTAT,1138,617,0,0.0
GACCGTGTCGCGGTGTAGCC,3431,1857,0,0.0
GACCGTGTCGCTAATCATCG,1508,422,0,0.0
GACCGTGTCGGCTTCGGACG,2400,1347,0,0.0
GACCGTGTCGTCACTAAGCA,1033,711,0,0.0
GACGATCCTTTTCATTGCGA,2481,1163,0,0.0
GACGATCGCACACTTATAGA,970,693,0,0.0
GACGATCGCAGACGTCCACA,1049,784,0,0.0
GACGCTGCTCACAGTCTGAG,3000,1609,0,0.0
GACGCTGCTCATTACCAGAA,661,431,0,0.0
GACGCTGCTCATTCCACTTC,7979,2673,0,0.0
GACGCTGCTCCCGAACTAGC,3484,1792,0,0.0
GACGCTGCTCCGCCATTAGG,3078,1474,0,0.0
GACGGAGTGAAGTGGCGTTC,972,672,0,0.0
GACGGAGTGACATACACTGA,1192,735,0,0.0
GACGGAGTGACTCCGCCAAT,1082,760,0,0.0
GACGGAGTGATCTCAGAACC,770,576,0,0.0
GACGGCTTCTCGGTTAAGTG,625,462,0,0.0
GACGGCTTCTGGTGGACATA,843,615,0,0.0
GACGGCTTCTTCAAGTCCTC,759,588,0,0.0
GACTATGAGCACCGAAGGTC,704,468,0,0.0
GACTATGAGCGAATGATATA,716,504,0,0.0
GACTGTCTACGACCACTGAA,1049,732,0,0.0
GACTGTCTACGAGACGCACG,1850,1226,0,0.0
GACTGTCTACGTGTGTCAGC,1662,797,0,0.0
GACTGTCTACTGCCATAGCT,2062,1351,0,0.0
GAGACGGTGTGCATTACCGG,1162,713,0,0.0
GAGACTCTTCCGCGTCTGCT,896,603,0,0.0
GAGACTCTTCCGGTAGTCAT,8292,2196,0,0.0
GAGATCAGAAATATCGTCCA,768,556,0,0.0
GAGATCAGAATCGCTTACCG,540,414,0,0.0
GAGCGGCAAGTGATTCGTGG,516,339,0,0.0
GAGCTCAAGTATACCTATAT,762,486,0,0.0
GAGCTCAAGTGCTAACTATT,933,695,0,0.0
GAGGAAGATGAGCTGGCCGA,825,602,0,0.0
GAGGCCGCTGCTACGATCAG,1522,915,0,0.0
GAGGCCGCTGGCGCACGTCC,1318,757,0,0.0
GAGGTAGCCACTATTGTTAG,1289,783,0,0.0
GAGGTAGCCAGTTCTGATAC,2472,1121,0,0.0
GAGGTATGAAAACGATGCGC,2324,1282,0,0.0
GAGGTATGAAGAGATTAGTT,966,676,0,0.0
GAGTAAGCTCGTCGCGAACC,1128,785,0,0.0
GAGTATAGACATGACTCCGT,981,663,0,0.0
GAGTATAGACTGAATGCGTG,3019,1464,0,0.0
GAGTATTACCTGCGTGTGTG,1780,1026,0,0.0
GAGTCGCCAAGATGAGAACT,3459,1468,0,0.0
GAGTGGCTCCCGAGCGGTCG,1090,658,0,0.0
GAGTGGCTCCTATTAATCTA,564,433,0,0.0
GAGTGGCTCCTCGCTCGCAC,776,519,0,0.0
GAGTGTGCTAGGCCTTCCAT,665,454,0,0.0
GAGTTAATTACTGGCACACA,8330,2903,0,0.0
GAGTTAATTAGCTTGTCACT,797,504,0,0.0
GATAGTAATTGACACAACAC,570,424,0,0.0
GATAGTAATTGCGTCGGCGT,617,472,0,0.0
GATAGTTGCGCCAGTAGCGT,1951,1192,0,0.0
GATAGTTGCGCTCGGAGATA,2183,1169,0,0.0
GATAGTTGCGGCGTGCTGTG,557,438,0,0.0
GATAGTTGCGTGAAGATATG,1353,846,0,0.0
GATATATCACTTAGCCAGTG,1285,692,0,0.0
GATATGTAAGATCATACTTA,903,643,0,0.0
GATATGTAAGCTTATGTAGT,1481,833,0,0.0
GATATTGTTCGGACTCTAAC,1317,857,0,0.0
GATATTGTTCGGCTAACAGG,1027,631,0,0.0
GATATTGTTCTCTGGATACA,667,510,0,0.0
GATCGATGACAGATATGATC,1953,1042,0,0.0
GATCGATGACCGACCAACCG,848,635,0,0.0
GATCGATGACCGCACACAGA,1006,598,0,0.0
GATCGGCCGGGAATAACGAT,712,539,0,0.0
GATCGGCCGGGCGAGCAGTT,1157,664,0,0.0
GATCGTAACCGCCTTGCGTG,769,595,0,0.0
GATCTCCTCCACATCATCTT,842,594,0,0.0
GATCTCGACAAGAAGGTAAT,2725,1445,0,0.0
GATCTCGACATCACTAAGCA,664,487,0,0.0
GATCTTCGCGCTATGGCAAG,4624,1830,0,0.0
GATCTTCGCGGAGAGCTCCG,2212,1254,0,0.0
GATCTTCGCGTAGAACACGG,11989,3456,0,0.0
GATCTTCGCGTAGTTCGAAC,1950,1197,0,0.0
GATCTTCGCGTCATCGAGGC,540,415,0,0.0
GATGAAGCGTGTCAGGTCGG,1497,959,0,0.0
GATGAAGCGTTACACAGGCG,1278,759,0,0.0
GATGCACGAGATTCGCGAAC,935,643,0,0.0
GATGCACGAGCGTGCACGGA,837,587,0,0.0
GATGCCAGCCAACCTCATGC,7685,2773,0,0.0
GATGCCAGCCATTGCTTAGC,1751,996,0,0.0
GATGCCAGCCCGGTCGCGCG,862,614,0,0.0
GATGCCAGCCGACGCGCCAC,842,645,0,0.0
GATGCCAGCCGCACGAACAG,765,471,0,0.0
GATGGTATGATTCAACGGCG,583,445,0,0.0
GATGTGATGCACAGGCCTGT,1458,1017,0,0.0
GATGTGATGCCACGAGAAGT,1075,804,0,0.0
GATTAAGCCACCGCCTTGGT,2521,1251,0,0.0
GATTAAGCCATCAGAACAGA,1503,837,0,0.0
GATTACGTGTATTCTGGCTG,1564,676,0,0.0
GATTATAAGGTGTGGAATGA,1695,907,0,0.0
GATTCAGGCCAAGAATAGGA,2288,1261,0,0.0
GATTCAGGCCACAGTGTCCG,1332,811,0,0.0
GATTCAGGCCCGACTCTGAG,3535,1508,0,0.0
GATTCAGGCCGTCGTCCAAT,2341,1371,0,0.0
GATTCAGGCCTTCGATCGAA,1875,1153,0,0.0
GATTGCCAGGGTGATCGAGA,558,428,0,0.0
GCAAGCGAAGAAGTGTGACT,530,434,0,0.0
GCAAGCGAAGGATCAACGGC,12942,3884,0,0.0
GCAAGCGAAGGGCATCAGCG,4747,1848,0,0.0
GCAAGTAAGAACCGAAGGTC,732,558,0,0.0
GCAAGTAAGAATTCTCTGGA,1065,796,0,0.0
GCAAGTAAGATCAATTGAGA,1335,823,0,0.0
GCAAGTTATGACGCGCTGCG,2410,1318,0,0.0
GCAAGTTATGCCAGGACGGC,6740,2547,0,0.0
GCAAGTTATGGAAGCGCCTG,620,470,0,0.0
GCAAGTTATGGTTCAGAAGT,790,575,0,0.0
GCAAGTTATGTCAGTGTTAA,1431,992,0,0.0
GCAAGTTATGTGAACAATGG,1207,811,0,0.0
GCAATCGCGGACCGGCCACA,641,504,0,0.0
GCAATCGCGGATATCGTCCA,1394,870,0,0.0
GCAATCTTGAATTCCAACCA,1632,973,0,0.0
GCAATCTTGAGTAGATATAT,1649,955,0,0.0
GCAATCTTGATGTATTGAAG,690,530,0,0.0
GCAATCTTGATTCAATTGAG,1154,741,0,0.0
GCAATGCTAGCTTCGAGCAC,2025,950,0,0.0
GCAATGCTAGGCGTAGGTCT,1231,730,0,0.0
GCACACGTTAACCGGTGAGA,779,592,0,0.0
GCACACGTTAACGCAGCGAA,521,427,0,0.0
GCACACGTTAGGCATCAGCG,839,623,0,0.0
GCACACGTTATGAGACCTCC,1014,655,0,0.0
GCACAGTATGAGGTAAGCAC,873,624,0,0.0
GCACAGTATGTGGCTATACC,1157,712,0,0.0
GCACAGTGCCAGGCTCGCCT,4080,1823,0,0.0
GCACAGTGCCATTCTCCATA,995,767,0,0.0
GCACGCAGCGTATCGGCACT,1444,607,0,0.0
GCACGCTAATACTGGTCCGC,3379,1738,0,0.0
GCACGCTAATTCATATATTC,1502,972,0,0.0
GCACTAGAGACACGTGGTAG,3259,1223,0,0.0
GCACTAGAGACTGGAAGCCG,819,542,0,0.0
GCACTAGAGATAGCCATATG,1130,726,0,0.0
GCACTCCGAAACACAGACTG,910,688,0,0.0
GCACTCCGAAATTCCTTGCT,8126,3143,0,0.0
GCACTGTCTATCTTGGTACC,1802,1096,0,0.0
GCAGATGGTCGCCGACTGCC,1036,631,0,0.0
GCAGCCACCTATGACATCTC,584,431,0,0.0
GCAGCCGTCGAGGTGATGAC,657,467,0,0.0
GCAGCCGTCGCGCTATATCC,1594,1051,0,0.0
GCAGGAAGGAACGGTGCGCA,1490,972,0,0.0
GCAGGAAGGAGGACAGGCAG,544,433,0,0.0
GCAGGAAGGAGTCGATTCGT,802,615,0,0.0
GCAGGCCGTTGATCGAACAT,835,641,0,0.0
GCAGGTACTGAGCAGTGGTA,911,612,0,0.0
GCAGGTACTGGACATGGTTA,2066,1114,0,0.0
GCAGTGTTCCCAGCGCTAAC,1171,757,0,0.0
GCAGTGTTCCGAGAGCTCCG,1507,922,0,0.0
GCATACTGAATGAACGAGGT,1058,599,0,0.0
GCATAGTACAATCCAGGAGA,1232,771,0,0.0
GCATAGTACACATGCTGACG,1096,739,0,0.0
GCATCCTTGGAATTCGAGGT,2773,1636,0,0.0
GCATCCTTGGCAGTGGAGCT,826,635,0,0.0
GCATCCTTGGCCACCGCATG,1373,902,0,0.0
GCATCCTTGGTTACTTAGAG,1201,806,0,0.0
GCATCGCGAAACGTCCAGTC,730,556,0,0.0
GCATCGCGAAATCGTTACCG,1520,773,0,0.0
GCATCGCGAACTCTCCACCA,690,517,0,0.0
GCATCGCGAATAGTTCGAAC,817,550,0,0.0
GCATGCAATTGCGCGCCTCG,2340,1222,0,0.0
GCATGGACGAATAGAGCGTC,2732,1269,0,0.0
GCCAACGACATACTTCCACG,1814,1103,0,0.0
GCCACACTGAAACCAATAAG,518,392,0,0.0
GCCACACTGAAACGCGTGGC,3035,1703,0,0.0
GCCACACTGAATGACACTGG,1147,659,0,0.0
GCCACACTGACGTGATAAGT,1178,662,0,0.0
GCCACACTGACTATCATCCG,1062,711,0,0.0
GCCACGAAGTCTAAGTCTTG,763,546,0,0.0
GCCACGAAGTCTCTTGGCTG,764,593,0,0.0
GCCAGCCTCAAGAACTGTGT,1210,852,0,0.0
GCCAGCCTCAGAGTATGGCA,767,584,0,0.0
GCCAGCCTCATGAGGATCAT,1553,979,0,0.0
GCCAGTGGTTAGAGAACGGA,2769,1401,0,0.0
GCCAGTGGTTCCACCGCATG,917,648,0,0.0
GCCAGTGGTTCGGAAGGTTG,868,572,0,0.0
GCCAGTGGTTTCTGGATACA,7037,2407,0,0.0
GCCATCCAGCTACCGTAGCC,1150,682,0,0.0
GCCATCCAGCTGTATACACG,772,552,0,0.0
GCCATTGTACACCGGTGAGA,1286,898,0,0.0
GCCATTGTACACTTGAATCC,2010,914,0,0.0
GCCATTGTACTCAGTGTTAA,1140,775,0,0.0
GCCGAGATGCAAGTGTGACT,1140,837,0,0.0
GCCGAGATGCGAATGATATA,1241,776,0,0.0
GCCGAGATGCGAGATTAGTT,1267,620,0,0.0
GCCGAGATGCGGTTGCACTC,1476,963,0,0.0
GCCGAGATGCTCTCAGAACC,655,422,0,0.0
GCCGGAGGTACGTTAAGTTC,1179,751,0,0.0
GCCGGAGGTAGTCATGCCAG,1296,747,0,0.0
GCCGTATTGACTTGTGGCGA,4469,2178,0,0.0
GCCGTATTGAGGACTTCATC,1460,954,0,0.0
GCCGTATTGATCACAAGGTT,970,617,0,0.0
GCCGTCATTCTCATGACAGC,2142,1305,0,0.0
GCCGTCATTCTCGAACACAT,1016,678,0,0.0
GCCTAGAACGCGTAAGAAGG,590,452,0,0.0
GCCTAGAACGTTAATGATCC,1302,792,0,0.0
GCCTCTCTTCAGAATTCCTG,2382,1119,0,0.0
GCCTTATAATTGGAGGCAAT,547,398,0,0.0
GCCTTGACTACATAGCGTGG,1604,940,0,0.0
GCCTTGACTACGTACCTAAT,631,500,0,0.0
GCGACAATCCCGGAGCCAGC,1009,714,0,0.0
GCGAGGCGTGTGTCCTCATG,1613,938,0,0.0
GCGATTCGAACTCGATAGAT,793,587,0,0.0
GCGCAGAGATAGTGAGTAAG,880,606,0,0.0
GCGCAGAGATGGTCTTCACA,6287,2763,0,0.0
GCGCAGAGATGGTGGACATA,1743,867,0,0.0
GCGCAGGCACGAGTATGGCA,1078,671,0,0.0
GCGCAGGCACTCACATAGAC,6176,2474,0,0.0
GCGCCGCCGGAGACGGATGT,651,526,0,0.0
GCGCCGCCGGAGTGTTGTGC,914,578,0,0.0
GCGCCGCCGGATGTGGTTAA,1430,906,0,0.0
GCGCCGCCGGGGTTACTGAG,2888,1523,0,0.0
GCGCCGCCGGTCTACGGACA,1822,1206,0,0.0
GCGCCGGTCAATATCAGCTC,1296,815,0,0.0
GCGCCGGTCAGCGAAGATAG,1114,729,0,0.0
GCGCCTCTCTCACTTGTAAG,1346,830,0,0.0
GCGCCTCTCTGCTATAGTAT,1781,1139,0,0.0
GCGCCTCTCTTTCTGCAACT,796,520,0,0.0
GCGCCTTACAGCTCAAGTTC,1028,685,0,0.0
GCGCGAGAGCATTGCATTAC,1206,565,0,0.0
GCGCGAGAGCGAATCTACGC,1592,1023,0,0.0
GCGCGAGAGCTCCAATATGG,1743,971,0,0.0
GCGCTCTACCCTAGCCGCCA,973,609,0,0.0
GCGGAGCTTGCCATGGCGTG,1755,959,0,0.0
GCGGATTCTGAACGCTACCT,1991,973,0,0.0
GCGGATTCTGATACGGCCTC,833,644,0,0.0
GCGTACACTGACCATACGAG,575,443,0,0.0
GCGTACACTGATATGTCCTT,2005,1253,0,0.0
GCGTACACTGCCACTGGAAC,697,500,0,0.0
GCGTACACTGCTCACAAGAC,1113,782,0,0.0
GCGTACACTGTAAGGACTGC,526,418,0,0.0
GCGTCATCCTCCACGTTGAG,1293,891,0,0.0
GCGTCCTTCACAATACCGTA,1422,844,0,0.0
GCGTCCTTCACGAATGTTGC,1802,1088,0,0.0
GCGTCTGCCATAATATTAAC,2101,1225,0,0.0
GCGTGCATTAGGTTAGTACT,1476,856,0,0.0
GCGTGCATTAGTTAATCGAG,1101,693,0,0.0
GCGTGCATTATGTACGGTAG,2508,1147,0,0.0
GCGTGCTAGTAGAGAACGGA,2113,923,0,0.0
GCGTGCTAGTCAGGTCGATG,1427,753,0,0.0
GCGTGCTAGTGCTTGGAATA,6959,2089,0,0.0
GCGTTATATACTATGGCAAG,651,503,0,0.0
GCTAACACGTATGGAATGTA,13516,3660,0,0.0
GCTAACACGTGATGATCCGC,1312,839,0,0.0
GCTAACACGTTTATGACATT,4856,2263,0,0.0
GCTAACGGTCATGTTACCGG,614,427,0,0.0
GCTAAGTGGTGCACGAACAG,1405,798,0,0.0
GCTAAGTGGTTACTCAACGG,502,406,0,0.0
GCTAAGTGGTTCACTCTGAT,783,560,0,0.0
GCTAATCTGAAGTCGGCATT,1075,668,0,0.0
GCTAATCTGACATATCGGCC,609,443,0,0.0
GCTAATCTGACTGAGTGCTG,711,548,0,0.0
GCTAATCTGACTTCCTGGCG,577,431,0,0.0
GCTACCTGCGCTCACGTCAC,831,591,0,0.0
GCTACCTGCGTTCGGCTAAC,579,468,0,0.0
GCTAGGCACACGTTGCATGG,688,525,0,0.0
GCTATACAAGAGGTTGGCAG,814,585,0,0.0
GCTATACAAGTAACCATCCT,602,460,0,0.0
GCTCACAATGCAGGTCGATG,854,557,0,0.0
GCTCACAATGTGAGACCGTA,1613,1008,0,0.0
GCTCCACAGGTCGTACACGA,815,556,0,0.0
GCTCCTCACCCGCATATGTT,2427,1294,0,0.0
GCTCCTCACCGCCTGTTACA,2098,1248,0,0.0
GCTCGCTATAATTCCTTGCT,1309,869,0,0.0
GCTCGCTATATGTTACATCA,878,641,0,0.0
GCTCTGAACGTCGCTTACCG,908,627,0,0.0
GCTCTGAACGTTCGGCTAAC,598,449,0,0.0
GCTGATCAAGATTCTCTTAG,504,425,0,0.0
GCTGGTTCTTAATGGCGTGA,1222,567,0,0.0
GCTGGTTCTTGTGTCGGTTA,1146,674,0,0.0
GCTGTCTATCATCACGGTGG,653,468,0,0.0
GCTTATTATAGAGTCCACTC,874,651,0,0.0
GCTTATTATATCCACGTTGT,2675,1210,0,0.0
GCTTCGTTCTATGACTCCGT,922,657,0,0.0
GCTTCGTTCTGACCACTATT,777,591,0,0.0
GCTTCGTTCTGGATCGCTGT,888,658,0,0.0
GCTTCGTTCTGTAGGATTGA,1191,754,0,0.0
GGACATGTCCTCCTCATGTT,2465,1417,0,0.0
GGACCTGTAAATCTGCAGAG,2015,1202,0,0.0
GGACCTGTAACAGGCTCAGT,3994,1677,0,0.0
GGACCTGTAAGGTGCAGTCT,2358,1336,0,0.0
GGACGGATCCATACCTATAT,964,448,0,0.0
GGACTCGGCAACGACAGATC,1207,628,0,0.0
GGACTCGGCATGCGGCCGAA,3695,1682,0,0.0
GGACTTCTGGCGGTAGGTGC,1945,1065,0,0.0
GGAGAATTCCATGGTTGGAA,981,668,0,0.0
GGAGATCTTCGTCGCGTTCA,888,565,0,0.0
GGAGATCTTCTATATAGACC,702,529,0,0.0
GGAGCAGACATATACATAGT,1182,739,0,0.0
GGAGCAGACATATGTGGTAA,1305,846,0,0.0
GGAGGAACTTATCATACTTA,1243,847,0,0.0
GGAGGAACTTGGATTAGTCT,1786,730,0,0.0
GGAGGAACTTTAGACCGACT,824,621,0,0.0
GGAGTTGTTAAGAAGGTAAT,645,442,0,0.0
GGAGTTGTTATCTCTTACGC,1502,984,0,0.0
GGATATACTAGCAGGTCCGA,1297,827,0,0.0
GGATCTTGGAAGGTCTTCGG,1770,1169,0,0.0
GGATGTAATCTTGGAATATG,873,647,0,0.0
GGATGTATAACGGATGCCGA,1084,719,0,0.0
GGATGTATAACTGTAGTTGT,3901,1876,0,0.0
GGATGTATAATTATGCGTCT,1570,1028,0,0.0
GGATTAACCAAGGAGATACT,660,470,0,0.0
GGATTAACCAGGCATCAGCG,856,623,0,0.0
GGATTAACCATAAGCATCGC,676,364,0,0.0
GGATTACATTACAATCACCG,1223,871,0,0.0
GGATTACATTCACTATAAGA,820,566,0,0.0
GGATTACATTGATCAACGGC,756,563,0,0.0
GGATTACATTGGTTGCACTC,896,664,0,0.0
GGATTACATTTGCGTGCGCT,1987,1110,0,0.0
GGCAAGCGATATACCTATAT,887,589,0,0.0
GGCAATAACCCATGCTGACG,1427,925,0,0.0
GGCAATAACCGGAATGAAGA,1282,819,0,0.0
GGCACAAGGCACTCCTGTCG,3919,1809,0,0.0
GGCACAAGGCTATGCATACC,2956,1557,0,0.0
GGCAGACACTTGTGGATCGG,715,547,0,0.0
GGCAGTGCTCATTCCACTTC,1236,707,0,0.0
GGCAGTGCTCTGTACACTAT,1371,767,0,0.0
GGCAGTTCAGAGTCGGCATT,1905,1109,0,0.0
GGCATGCCGTAAGTTATGGC,1176,638,0,0.0
GGCATGCCGTTCTCTCTAGC,726,515,0,0.0
GGCCGAAGTTATAGAGCGTC,1202,770,0,0.0
GGCCGAAGTTATGAGTTCAC,724,568,0,0.0
GGCCGATTCTACTCCTGTCG,1043,776,0,0.0
GGCCGATTCTATGTTACCGG,504,401,0,0.0
GGCCGATTCTGACCGCGTGC,3861,1778,0,0.0
GGCCGATTCTTCCACCTCAT,1128,808,0,0.0
GGCCGGATGAACCGTGAGAG,3424,1641,0,0.0
GGCCGGATGAATAGGTTGAG,733,569,0,0.0
GGCCGGATGAATATGTCCTT,2229,1206,0,0.0
GGCCGGATGACGACAGTACG,1386,811,0,0.0
GGCCGGATGATATGCTCGGA,2133,1014,0,0.0
GGCCTAGCTGCGAATGTACT,929,709,0,0.0
GGCGAGTAGGGCTCAAGTTC,2183,1096,0,0.0
GGCGATGGCCGACGCGCCAC,1452,942,0,0.0
GGCGATGGCCTTGCCACTCC,2060,1086,0,0.0
GGCGGAGTCGAAGTGAAGAA,1100,740,0,0.0
GGCGGAGTCGCATATCGGCC,5623,2326,0,0.0
GGCGGAGTCGGGTTAGTACT,1483,855,0,0.0
GGCGGTATGTCGCAGACCAG,797,557,0,0.0
GGCGGTATGTCTCTCCTTAA,657,516,0,0.0
GGCGGTATGTTCACTCTGAT,829,535,0,0.0
GGCGTTACCTAATACGTTGA,1548,1007,0,0.0
GGCGTTACCTGCACTAATTC,1664,955,0,0.0
GGCGTTACCTGCGAAGATAG,877,618,0,0.0
GGCGTTACCTTTCGGCTAAC,1353,875,0,0.0
GGCTAAGTACAGGCGAATCG,1069,775,0,0.0
GGCTAAGTACCACGAGAAGT,1229,823,0,0.0
GGCTCCTTAGAACGTTGGTC,3058,1425,0,0.0
GGCTCCTTAGATCGGCTGAA,1097,629,0,0.0
GGCTCCTTAGCGACGGTAAC,1786,918,0,0.0
GGCTCGTCATAGGTTATCTA,872,502,0,0.0
GGCTCGTCATATTGCTCTGT,775,550,0,0.0
GGCTCGTCATGGCGGCGATA,760,571,0,0.0
GGCTCGTCATTATAACATGA,777,578,0,0.0
GGCTCTACAAAAGGAACTGC,1112,563,0,0.0
GGCTCTACAACACCTACCGC,1157,597,0,0.0
GGCTCTACAACTGGAAGCCG,1679,995,0,0.0
GGCTGCAACAGTCTGTGGAA,1871,1113,0,0.0
GGCTGCCTGTAATGCGGCAT,1165,610,0,0.0
GGCTGCGAACAACGCGGACA,1130,746,0,0.0
GGCTGCGAACGACGTCCACA,2143,1202,0,0.0
GGCTGCGAACGGTATGTGGA,1101,711,0,0.0
GGCTTCTCTTAAGCTTATTA,962,588,0,0.0
GGTAAGTATCTGCCATAGCT,3683,1550,0,0.0
GGTAGGACTACGAATCTCCG,1541,839,0,0.0
GGTATACTGGCGTGAGTGCG,4082,1436,0,0.0
GGTATACTGGGTTCGAGGTT,945,662,0,0.0
GGTATACTGGTCACAGTCCG,775,541,0,0.0
GGTATACTGGTGTGGATCGG,1080,681,0,0.0
GGTATAGATCTAAGGAGTTA,619,483,0,0.0
GGTATTAGGCATTGCATTAC,985,667,0,0.0
GGTATTAGGCCTATTGGAAT,939,561,0,0.0
GGTATTAGGCGGCGAATCTC,2018,1184,0,0.0
GGTCAGATTGGGCTTAGACC,785,549,0,0.0
GGTCAGTGTACACTAAGGAG,2598,994,0,0.0
GGTCAGTGTATCATAAGATA,1285,810,0,0.0
GGTCCTCCGTACAGCGTTAG,2802,1236,0,0.0
GGTCCTCCGTACGTACCATT,918,668,0,0.0
GGTCCTCCGTAGTCAGGTCC,824,608,0,0.0
GGTCCTCCGTGGCCTGGAGA,1389,872,0,0.0
GGTCCTCCGTGTAAGCTGGC,1839,1087,0,0.0
GGTCCTCCGTTTCGGCTAAC,1089,707,0,0.0
GGTCGCAAGTATGCTAACAT,1263,662,0,0.0
GGTCGCAAGTGAGTCCATAG,773,581,0,0.0
GGTCTATCAGACGGCGCTAA,868,551,0,0.0
GGTCTATCAGCGGCCACCTG,766,479,0,0.0
GGTCTATCAGTTACGTAACG,3822,1863,0,0.0
GGTCTCAGTATAGTGTCATG,755,485,0,0.0
GGTCTCAGTATGATTAGCTG,1029,705,0,0.0
GGTGACATCTTTATTAACAT,889,574,0,0.0
GGTGACTGGTAACGTTGGTC,848,655,0,0.0
GGTGACTGGTGCCTCTCGCG,1215,828,0,0.0
GGTGACTGGTTTATGACATT,1401,945,0,0.0
GGTGACTGGTTTCCTGTCAT,1770,984,0,0.0
GGTGCGTTCCCGAATCTCCG,913,650,0,0.0
GGTGCGTTCCGCGCAATCCG,1071,689,0,0.0
GGTGCGTTCCGGTGTTAATC,1526,906,0,0.0
GGTGGTGTTGGTCGCGTTCA,1378,960,0,0.0
GGTGGTTAGGCCGTACTTCC,1215,622,0,0.0
GGTGGTTAGGGATCACAGTT,921,638,0,0.0
GGTGTACAACAATCAGACGG,2161,792,0,0.0
GGTGTACAACTGTCCTAGCA,6146,2226,0,0.0
GGTGTGCTGACCTATTGGAC,541,407,0,0.0
GGTGTTCCTAATGTACGAAG,1071,731,0,0.0
GGTGTTCCTAGACCACTGAA,977,576,0,0.0
GGTTACTCTAATCATACTTA,506,384,0,0.0
GGTTACTCTAGACATGGTTA,665,525,0,0.0
GGTTATGTCTATCTGTGTAC,4461,1730,0,0.0
GGTTCTGTTCTCGGAGGTAG,2019,1123,0,0.0
GTAACAGGCGAGGCGCGTGA,849,588,0,0.0
GTAACAGGCGAGTTCCACGT,1709,1063,0,0.0
GTAACAGGCGGAACGGTTGA,1383,793,0,0.0
GTAACAGGCGGCTGCGTAAT,899,697,0,0.0
GTAACCAGTTACCGGTGAGA,814,614,0,0.0
GTAAGACACGGGATAGAGAT,571,442,0,0.0
GTAAGACACGGGTGTTAATC,1108,680,0,0.0
GTAAGCGCACCATCCACGCC,680,532,0,0.0
GTAAGTTGTTAGTGTGCTCT,1304,783,0,0.0
GTAAGTTGTTGAACTCATCT,869,661,0,0.0
GTAATCTCTCGCACTAATTC,1741,964,0,0.0
GTACAAGCCTCCTGTACTGG,2070,1054,0,0.0
GTACAAGCCTGACGACGGCT,836,553,0,0.0
GTACAAGCCTGCACTAATTC,1327,550,0,0.0
GTACAAGCCTTGGCTATACC,1105,788,0,0.0
GTACCGCTACTGAATTGCAT,1289,802,0,0.0
GTACGACGCTCGGTTAAGTG,1799,1010,0,0.0
GTACGACGCTGGTACCTTAA,997,722,0,0.0
GTACGCTTGGAAGTTAATGG,516,403,0,0.0
GTACGCTTGGCAGAGAAGTG,663,453,0,0.0
GTACTACAGTATGGTCAGCC,767,496,0,0.0
GTACTACAGTCCGCAGCAAG,1178,765,0,0.0
GTACTGACTCGATAGTACGC,619,453,0,0.0
GTACTGACTCTAGATCGCGA,1579,1023,0,0.0
GTACTGACTCTCCTCGGACT,735,507,0,0.0
GTAGAATGAGGACCACTATT,3821,1957,0,0.0
GTAGAATGAGTGTATTGAAG,1329,793,0,0.0
GTAGATTATAATGTACCGTG,1956,1122,0,0.0
GTAGTAGAGCATACTATGTT,1092,733,0,0.0
GTAGTAGAGCCTACGCCAGC,2295,1268,0,0.0
GTAGTAGAGCGGATATGTTG,622,423,0,0.0
GTAGTAGAGCTAACTGATGG,928,622,0,0.0
GTAGTAGTCGATCTGTGTAC,924,668,0,0.0
GTATACGTCGCAGGATACTC,1101,735,0,0.0
GTATACGTCGGTCAAGTTAC,738,532,0,0.0
GTATACGTCGTGGCCGTCTC,819,547,0,0.0
GTATACGTCGTTCTCTATGA,1343,820,0,0.0
GTATCGCAGACCGCCTTGGT,2101,1152,0,0.0
GTATCGCAGATCTCAGAACC,2241,1084,0,0.0
GTATCTCGTACCGCGCATGA,1050,768,0,0.0
GTATCTCGTAGAATCCTCGT,1152,719,0,0.0
GTATGCTACAAGCCGTCTCG,3259,1648,0,0.0
GTATGCTACAGCCGTTAGTT,510,420,0,0.0
GTATGCTACAGCGCTAGCAT,879,606,0,0.0
GTATGCTACATTACGATGGT,2708,1175,0,0.0
GTATTATAGACGATTCATCC,2428,1414,0,0.0
GTATTATAGAGCTCGTGATC,832,590,0,0.0
GTATTATAGATCGGTATAAT,1169,730,0,0.0
GTATTATAGATCGTACACGA,970,732,0,0.0
GTATTCACTGGGCGTCACTG,564,446,0,0.0
GTATTCGGCCCAACGCGTTG,2426,1287,0,0.0
GTATTCGGCCCTTGGTGTTC,1367,889,0,0.0
GTATTCGGCCTGTCCTAGCA,2109,1333,0,0.0
GTATTGGACAGGTTCGGTAT,2239,1083,0,0.0
GTATTGGACATCCACCTCAT,840,631,0,0.0
GTCACACAAGTAGGTGCCTT,4429,2108,0,0.0
GTCACACAAGTCACAAGGTT,2182,1189,0,0.0
GTCACGCGCGCCGATTAAGC,2140,1075,0,0.0
GTCACGCGCGTCTATCGAGG,1093,672,0,0.0
GTCACTACATACGAGCGAGC,1264,741,0,0.0
GTCAGATAGATAACTATAGA,1215,845,0,0.0
GTCATAATGCCTCACAAGAC,756,567,0,0.0
GTCATTCCTTATGTGGTTAA,1222,771,0,0.0
GTCATTCCTTGAAGTCTTGT,724,499,0,0.0
GTCATTCCTTGCTAACCTAC,646,493,0,0.0
GTCATTCCTTTTACGATGGT,4421,2050,0,0.0
GTCCAAGGAAATTGCGTTCG,2622,1364,0,0.0
GTCCAAGGAATTACACGCAC,1035,623,0,0.0
GTCCACAATACTCTTCGCAT,627,503,0,0.0
GTCCAGGACCACCGGCCACA,1348,805,0,0.0
GTCCAGGACCTTAATAGTAC,764,585,0,0.0
GTCCGGTAAGACGTCCAGTC,1835,1076,0,0.0
GTCCGGTAAGTGGACCTGTG,1378,888,0,0.0
GTCCGGTCTCTGTAACGATA,1080,680,0,0.0
GTCCGGTCTCTTCTCTATGA,4030,1882,0,0.0
GTCCTTCCGCCTTGCAACAA,803,581,0,0.0
GTCGACTACGGGAATAGACG,1990,1152,0,0.0
GTCGACTACGGTTGGCTCGC,923,584,0,0.0
GTCGGAACTCCGTTGAGCAA,741,562,0,0.0
GTCGTCGGCGGGCTGTCTTG,1583,933,0,0.0
GTCTACTCTGATTCTCCATA,1245,844,0,0.0
GTCTACTCTGCATACGTGGC,1359,777,0,0.0
GTCTACTCTGGAATCTACGC,1023,675,0,0.0
GTCTCCACACATCCATCCGA,1310,750,0,0.0
GTCTCCACACTTAAGAGATC,2025,1144,0,0.0
GTCTGGTTGATCAGTGTTAA,5281,2115,0,0.0
GTCTGGTTGATCTTGGTACC,748,582,0,0.0
GTCTTAGATATTCATCGTCC,1188,766,0,0.0
GTCTTGTCCAACCTACGGCT,1069,677,0,0.0
GTCTTGTCCACGCAGTAGAT,610,470,0,0.0
GTCTTGTCCACTGCAACGAC,771,506,0,0.0
GTCTTGTCCATGAAGATATG,967,637,0,0.0
GTCTTGTCCATTACGTAACG,937,627,0,0.0
GTGAACCACAATGTGGTTAA,1889,1113,0,0.0
GTGAAGAGGCCCACCGCATG,696,482,0,0.0
GTGAAGAGGCCCGTCGCCAC,1693,898,0,0.0
GTGAAGGCCTGCTGCGTAAT,5108,1950,0,0.0
GTGACCGTTCGATCACAGTT,527,389,0,0.0
GTGACGACTTCTGGCCACTG,2666,1520,0,0.0
GTGACGACTTTAGAGCTAGT,587,458,0,0.0
GTGACTCGCACTAGCCGCCA,878,580,0,0.0
GTGACTCGCATCATCGAGGC,1482,839,0,0.0
GTGATAGTCAATACATTATC,1159,708,0,0.0
GTGATAGTCACGGTGGTATG,1107,756,0,0.0
GTGATAGTCAGAATCGACAT,658,510,0,0.0
GTGATATCAAGTCGCGTTCA,615,504,0,0.0
GTGATATCAATGGTTCATAG,4345,1817,0,0.0
GTGCCGAGTGACGATAATCA,14885,4428,0,0.0
GTGCCGAGTGATCACTAATC,1638,849,0,0.0
GTGCCGAGTGGCTGCGTAAT,1123,775,0,0.0
GTGCCGAGTGTCTGGTCTCG,2702,1492,0,0.0
GTGCCGTACGCCGTGCCGCA,597,436,0,0.0
GTGCCGTACGCGCTGAATGA,3970,1581,0,0.0
GTGCCGTACGGTAGCACGGC,527,434,0,0.0
GTGCCGTACGTTCCTTAACT,1306,814,0,0.0
GTGGAGACCACAAGCTAGCT,500,404,0,0.0
GTGGAGACCATATCATCCTT,1658,1038,0,0.0
GTGGCAAGATCATGCCACAC,2505,1470,0,0.0
GTGGCCTTGGCCGTGCCGCA,957,693,0,0.0
GTGGCCTTGGTCTCCTACAG,946,624,0,0.0
GTGGTGATAAGCGCTTGCGG,3256,1400,0,0.0
GTGGTGATAATTACTTCGGC,1058,689,0,0.0
GTGGTTCTTCGATTCCTACG,8979,2726,0,0.0
GTGGTTCTTCTACTCTTAGG,1655,1034,0,0.0
GTGTACGCACGGCCTTCCAT,702,498,0,0.0
GTGTACGCACTCATAGCTCA,567,453,0,0.0
GTGTACGCACTGATGAACGG,1131,722,0,0.0
GTGTACTTGCGCGTAACGTC,5420,1897,0,0.0
GTGTACTTGCGTAGTACTAC,2164,1156,0,0.0
GTGTATTAGGGACAACCACC,1395,975,0,0.0
GTGTATTAGGGGATAGGTAA,795,591,0,0.0
GTGTATTCCTGAACTAGGCT,781,573,0,0.0
GTGTATTCCTGGTGTAGCGG,939,608,0,0.0
GTGTCATGGAAGCAGTGGTA,667,526,0,0.0
GTGTCATGGATCGGTATAAT,2450,1394,0,0.0
GTGTCATGGATTATGCGTCT,693,490,0,0.0
GTGTCCGCGAAGTCGCGCGC,1123,791,0,0.0
GTGTCCTAATCTAATAGCCT,2925,1354,0,0.0
GTGTCCTAATTTAGACTCTA,610,487,0,0.0
GTGTGAAGTGAGACTCTCCA,1127,708,0,0.0
GTGTGAAGTGTCCTCGGACT,3880,1832,0,0.0
GTGTGACCTTGGCAACGTCG,969,620,0,0.0
GTGTGTCTCTGCGTAGGTCT,623,477,0,0.0
GTGTTGCGCAACGCAGCGAA,1464,875,0,0.0
GTGTTGCGCACGGTAGGTGC,775,622,0,0.0
GTGTTGGCAACATGACCACG,943,520,0,0.0
GTTACTTATGATTCGCCACT,1376,812,0,0.0
GTTACTTATGGCTTGGAATA,731,449,0,0.0
GTTATGAGAAATACGGCCTC,1341,945,0,0.0
GTTATGGCTTCCTCGCAACT,744,568,0,0.0
GTTATGGCTTGGCCTTCCAT,1104,804,0,0.0
GTTCAGCATAAATCAGACGG,1183,710,0,0.0
GTTCAGCATAACCGGTGAGA,5585,2211,0,0.0
GTTCAGCATAATGCAGATCC,1572,910,0,0.0
GTTCCGTTATATTGTAATGT,2623,1392,0,0.0
GTTCCGTTATGAACGCCGAC,1528,925,0,0.0
GTTCGTCGCAGCCGCACCAG,3419,1645,0,0.0
GTTCGTGTGCGTAAGCTGGC,588,457,0,0.0
GTTCTACCTGGAATAACGAT,907,650,0,0.0
GTTCTACCTGTCGCAAGGCG,1498,892,0,0.0
GTTCTACCTGTGCTCTATTC,867,631,0,0.0
GTTGAAGGCGTTGAGGACAT,1858,950,0,0.0
GTTGAATCGATTCGTACGTA,1114,736,0,0.0
GTTGAGTCCGAGCTTGTGTC,2512,1384,0,0.0
GTTGAGTCCGGGACGGTATA,928,678,0,0.0
GTTGATGAGGTAATTACTGG,790,388,0,0.0
GTTGATGAGGTTCACTTCAA,3601,1700,0,0.0
GTTGCAATGCAGCTGGCCGA,1897,1067,0,0.0
GTTGCAATGCGCCTCTGTAT,1090,736,0,0.0
GTTGCATCAGGACACCATCC,815,585,0,0.0
GTTGCCGGTGCTCGGACTAG,970,482,0,0.0
GTTGCGAATTGCTGTGACAA,763,530,0,0.0
GTTGCGAATTTCGATCTCTG,539,378,0,0.0
GTTGTAACACCCGTGCCTTC,1793,1103,0,0.0
GTTGTAACACCGCTATATCC,865,578,0,0.0
GTTGTTCCGGCATAGGTGAG,980,711,0,0.0
TAACAATTAACAGGCTCAGT,4774,2060,0,0.0
TAACAATTAAGAGCCGGATT,1137,780,0,0.0
TAACAATTAATGATTAGCTG,2462,1217,0,0.0
TAACATTCCACATAGCGTGG,3461,1653,0,0.0
TAACCACTTGAGTGGCGTTC,1807,1127,0,0.0
TAACCACTTGTAGACGTCTA,1097,625,0,0.0
TAACCACTTGTCCAAGCGGT,1107,697,0,0.0
TAACCGGACCCGGCCACGGC,809,584,0,0.0
TAACGTGATGATTCAACGTA,950,726,0,0.0
TAACGTGATGGCTGAGAGCA,940,661,0,0.0
TAACGTGATGTATAATCCGG,3199,1617,0,0.0
TAACGTGATGTCTCAGAACC,909,599,0,0.0
TAACTTACTACTTCGGCGTC,502,395,0,0.0
TAACTTACTATTGAGTAGAA,738,472,0,0.0
TAAGAAGGACAACTACGTAG,2029,1254,0,0.0
TAAGAAGGACCTCTTCGCAT,2497,1365,0,0.0
TAAGATACAGCCAAGCTACT,1147,818,0,0.0
TAAGATACAGGTCTGATTAT,1028,690,0,0.0
TAAGCCGTCAATGAGACAGC,945,675,0,0.0
TAAGCCGTCAATTCATCCAG,1515,907,0,0.0
TAAGGTCAGAGATTCCTACG,868,555,0,0.0
TAAGGTCGTCCAGTGTTGGA,664,495,0,0.0
TAAGTAATACATGACACTGG,747,536,0,0.0
TAAGTAATACCCGTCGCCAC,1430,986,0,0.0
TAAGTAATACCGTAAGTTAG,605,497,0,0.0
TAAGTAATACGATGGCAATG,1013,729,0,0.0
TAAGTAATACGCACTAATTC,545,420,0,0.0
TAAGTAATACGTCACATTGT,3174,1603,0,0.0
TAAGTCCAGTTTCTCTATGA,1264,669,0,0.0
TAATAATATGAGGTACGCGG,660,510,0,0.0
TAATACTGGTGCTCCTAGCT,795,584,0,0.0
TAATACTGGTGGAGTTAAGG,4036,1803,0,0.0
TAATACTGGTGGCAACGTCG,948,614,0,0.0
TAATAGAATAAGCTCAGGAG,1781,1105,0,0.0
TAATAGAATAGCCTGTTACA,796,629,0,0.0
TAATAGAATAGGTCATTACG,820,595,0,0.0
TAATTCTCCAAGTTCCGTGC,1541,806,0,0.0
TAATTCTCCACCAGGTGTAA,1596,993,0,0.0
TACAATGTAGTGTTACAATG,962,669,0,0.0
TACAATGTAGTTGAAGGCTA,595,437,0,0.0
TACAATTACTTCACATAGAC,761,550,0,0.0
TACAGCCTGTACTCCTGTCG,985,564,0,0.0
TACAGCCTGTCAAGCTTCTA,1165,780,0,0.0
TACAGCTGCCGTGGATAACC,1743,1018,0,0.0
TACATCACCGAATTCGAGGT,1476,911,0,0.0
TACATCACCGCCAAGTCTGA,857,624,0,0.0
TACATCACCGGTCTGATACG,1294,871,0,0.0
TACCAAGTGTTGTAATTACA,883,613,0,0.0
TACCGCAATTCGACGAGACC,933,563,0,0.0
TACCGCAATTTGCTCCAGTT,2803,1364,0,0.0
TACCGCAATTTGTCCTCATG,2582,1379,0,0.0
TACCGCTCAGACGGTATATC,1215,689,0,0.0
TACCGCTCAGATATGTCCTT,628,477,0,0.0
TACCGCTCAGGCAAGGCTCT,1288,786,0,0.0
TACCTCTACCGGCCAACGGA,524,434,0,0.0
TACCTCTACCTCTCTTACGC,1088,756,0,0.0
TACCTGCCGTAATTCGAGGT,1190,798,0,0.0
TACCTGCCGTCCGATTAAGC,2193,1109,0,0.0
TACCTGCCGTGGCTGTCTTG,1088,702,0,0.0
TACCTGCCGTTTCGCCGGCT,620,403,0,0.0
TACCTTGCGCCAAGCTAGCT,946,667,0,0.0
TACGAACTGAATTCTCCATA,1650,947,0,0.0
TACGAACTGACCGACGCGGC,1528,705,0,0.0
TACGAACTGACGGCCACCTG,971,624,0,0.0
TACGAACTGAGTGCTGTCTT,1738,904,0,0.0
TACGAACTGATCATTACGAG,2130,1100,0,0.0
TACGAATCTGAGGTGATGAC,545,434,0,0.0
TACGAATCTGAGTCAGGTCC,842,538,0,0.0
TACGAATCTGATACCTATAT,650,445,0,0.0
TACGAATCTGCATCCACGCC,2392,1362,0,0.0
TACGAATCTGCCTTCGCTAT,1610,915,0,0.0
TACGAATCTGGACCTGTGAT,679,482,0,0.0
TACGAATCTGGCGAAGATAG,1462,899,0,0.0
TACGAGACGACAACGCGTTG,1701,1015,0,0.0
TACGAGACGAGTCATGCCAG,2782,1423,0,0.0
TACGGACAGGATAGAGCGTC,1039,630,0,0.0
TACGGACAGGTCGCTTACCG,906,654,0,0.0
TACGGCATCCGACGCGCCAC,1426,856,0,0.0
TACGTGTAGTGGTTCGGTAT,693,543,0,0.0
TACTAATCATGGCGGCGATA,1337,810,0,0.0
TACTAATCATTCTTGGTACC,591,420,0,0.0
TACTCCGCCTTATAGAGTTC,1503,795,0,0.0
TACTCCTTGCGTGATCGAGA,984,623,0,0.0
TACTTGAACTAGAGAACGGA,1967,1199,0,0.0
TACTTGAACTTCGTGTGATC,1094,756,0,0.0
TACTTGAACTTTAGTCTTGC,928,605,0,0.0
TAGACGCGTCACAGTCGCCA,674,516,0,0.0
TAGACGGAACCCACCGCATG,1798,1033,0,0.0
TAGATAATTGATCCTGTATT,1176,813,0,0.0
TAGATAATTGGATCACAGTT,792,577,0,0.0
TAGATAATTGTGTCATCGTA,3189,1515,0,0.0
TAGATATGGAATACGGCCTC,1484,868,0,0.0
TAGATATGGACTTGGTGTTC,2102,1278,0,0.0
TAGATCCTGGATCGGCTGAA,3916,1535,0,0.0
TAGATCCTGGTTGCCAGTTA,1310,759,0,0.0
TAGATGGTATCTTCCTGGCG,1927,1035,0,0.0
TAGATGGTATTCCTCATGTT,884,622,0,0.0
TAGCAGCCGGACCGTACGGT,781,576,0,0.0
TAGCAGCCGGAGAGGTCGTT,1495,936,0,0.0
TAGCAGCCGGCAGTCGATCC,611,489,0,0.0
TAGCAGCCGGTCAGTGTTAA,3332,1590,0,0.0
TAGCATATAGCACCGTAACT,3246,1701,0,0.0
TAGCATATAGCGACGGTAAC,1403,946,0,0.0
TAGCATATAGGAGCGCATAA,840,527,0,0.0
TAGCATATAGTCAATCACGC,872,664,0,0.0
TAGCATGGTTCACAGGTGTC,876,622,0,0.0
TAGCATGGTTGCACGACGTA,648,520,0,0.0
TAGCGAGACTATTCATCCAG,1104,834,0,0.0
TAGCGAGACTCGACGGTAAC,594,473,0,0.0
TAGCGAGACTTTCCTGTCAT,793,620,0,0.0
TAGCGTTCGTATTGCTAGAG,1729,1066,0,0.0
TAGCGTTGACCATAGGTGAG,583,421,0,0.0
TAGCGTTGACCCATAGATTA,766,566,0,0.0
TAGCGTTGACCGCAGACCAG,1596,939,0,0.0
TAGCTCAGTGTGCCGTCCTA,1496,933,0,0.0
TAGGCGACGTGTCAAGTTAC,3316,1298,0,0.0
TAGGCGCATACAAGCTAGCT,824,571,0,0.0
TAGGCGCATAGCAGCATCTC,934,649,0,0.0
TAGGCGGAGGCGTGCACGGA,2693,1343,0,0.0
TAGGTGAAGACTGGCACACA,528,432,0,0.0
TAGGTGAAGAGTCTTCCGTA,4274,1968,0,0.0
TAGGTTAGATAGCGCTCTAG,853,608,0,0.0
TAGGTTAGATCTCTGGTCTA,1832,1115,0,0.0
TAGTATGGAGGACCTGCTTG,983,663,0,0.0
TAGTCATTGTACATGCATGG,1671,987,0,0.0
TAGTCATTGTCTCCGGCCGA,888,546,0,0.0
TAGTCATTGTCTCTCCACCA,616,479,0,0.0
TAGTCGGCTCCTCGGAGATA,850,632,0,0.0
TAGTGATCGCATCTGCAATC,874,652,0,0.0
TAGTGATCGCTCACGTCGCC,1277,802,0,0.0
TAGTGATCGCTTGAGGCGGC,1193,652,0,0.0
TAGTGCGATTACCTGGACAA,948,714,0,0.0
TAGTGCGATTATACCAGAAG,1080,724,0,0.0
TAGTTGAGCACAGGAACTTA,1414,928,0,0.0
TAGTTGAGCACCATGGCGTG,911,634,0,0.0
TAGTTGAGCACGGATGCCGA,905,609,0,0.0
TATAAGTTAAGCAGGTCCGA,1177,606,0,0.0
TATAGTCGTACTCTTAAGCC,2742,1350,0,0.0
TATATCCTCTACACTTCGAT,1868,975,0,0.0
TATATCCTCTGTGGAGCAAG,4223,1922,0,0.0
TATATGCCTCACTGGCCTCC,2017,1349,0,0.0
TATATGCCTCTGCTGCTCAT,996,712,0,0.0
TATCAACATAAATACCTCGT,876,649,0,0.0
TATCAACATAACGGTTCGTT,675,477,0,0.0
TATCAACATACAAGTCTAGA,1010,746,0,0.0
TATCAACATAGAATCTACGC,996,690,0,0.0
TATCAACATAGCACCGAATC,1992,1097,0,0.0
TATCAACATAGCCAGCGGAA,1963,1163,0,0.0
TATCAACATATAGAATAGCG,707,538,0,0.0
TATCCAACTCACACACATCA,2637,1477,0,0.0
TATCCAACTCATTCATCCAG,535,397,0,0.0
TATCCGGTCACGAGTACATC,1026,739,0,0.0
TATCCGGTCATCGGTATAAT,2962,1436,0,0.0
TATCCGGTCATTCACACACA,871,500,0,0.0
TATCCTCGTCCGGAACAGAA,4055,1603,0,0.0
TATCCTTGGTAGGACGCCAG,606,493,0,0.0
TATCCTTGGTGCCGTTAGTT,2603,1388,0,0.0
TATCCTTGGTTCCTGCTTAG,637,394,0,0.0
TATCCTTGGTTTCATCTGGA,1199,696,0,0.0
TATCGGTAGCCGTAATTCTT,557,461,0,0.0
TATCTTGACTATTCAACGTA,1089,694,0,0.0
TATCTTGACTCGTATTCTCT,2133,1204,0,0.0
TATGATTATCAGAGGCCTAC,3133,1583,0,0.0
TATGCGTGTTCCACGATGTT,907,642,0,0.0
TATGCGTGTTCTTGGACCTA,1427,874,0,0.0
TATGGCGCGGAGTTCCGTGC,2171,1139,0,0.0
TATGGCGCGGCGTCAATAAC,7999,2842,0,0.0
TATGGCGCGGGCAGCATCTC,818,627,0,0.0
TATTAGGAGCACTATTGCCT,1741,1103,0,0.0
TATTAGGAGCGTCTATATCG,4589,2296,0,0.0
TATTAGGAGCTAAGTGGCGC,687,378,0,0.0
TATTAGGAGCTCGAGAGGAG,763,596,0,0.0
TATTAGGAGCTGCCTTCTTC,532,417,0,0.0
TATTATCAGAGAATCCTCGT,988,740,0,0.0
TATTATCAGAGCACGACGTA,1654,928,0,0.0
TATTATCAGATTCATCGTCC,1067,789,0,0.0
TATTCACACAAGAGGTATTC,2116,1107,0,0.0
TATTCACACACGTGAACTAC,1310,886,0,0.0
TATTCACACATCTCAGAACC,1369,894,0,0.0
TATTCGTAAGATACCTATAT,982,660,0,0.0
TATTCTTCCAATGGCTATTG,2346,1113,0,0.0
TATTCTTCCACTCCTTACAC,657,491,0,0.0
TATTGAACTTACTGAACGCC,2755,1438,0,0.0
TATTGAACTTCAGGAACTTA,1996,1169,0,0.0
TATTGAACTTGTAAGCTGGC,861,633,0,0.0
TATTGATACGATCATCAACA,834,629,0,0.0
TATTGATACGATTGCGTTCG,3078,1425,0,0.0
TATTGATACGGTTCAATTCC,1448,1016,0,0.0
TCAACGATCACCAAGAGCGC,1049,768,0,0.0
TCAAGACCGGATTGCTTAGC,736,467,0,0.0
TCAAGACCGGTCGGTATAAT,1495,891,0,0.0
TCAAGCATCGTTGCTACATG,901,670,0,0.0
TCACATTGGTTTCACACACA,1053,712,0,0.0
TCACGCCTAACGCTGAATGA,1546,1019,0,0.0
TCACGCCTAAGAAGAACATT,859,620,0,0.0
TCACGCGGAGAGAAGGTAAT,4256,1814,0,0.0
TCACGCGGAGGCGCGTTGCT,513,397,0,0.0
TCAGAGAGCCCAAGAGAGAG,2254,1117,0,0.0
TCAGAGAGCCTCGTGTGATC,1306,766,0,0.0
TCAGCCAAGCCGTGTGGTGT,892,581,0,0.0
TCAGCCAAGCGTCTGATTAT,5151,2209,0,0.0
TCAGGATATTCCAGGACGGC,1479,904,0,0.0
TCATCATCGACGAATGTTGC,1260,800,0,0.0
TCATCATCGACTAGCCGCCA,595,492,0,0.0
TCATCATCGACTGGCAATGG,1223,749,0,0.0
TCATCTCATTGCCGTTAGTT,5063,2214,0,0.0
TCATGTGTACCTAATCATCG,1402,885,0,0.0
TCCAACCTTCATGTGATTGC,1517,956,0,0.0
TCCAACCTTCATTCCACTTC,622,507,0,0.0
TCCAACCTTCGCTCCTAGCT,572,448,0,0.0
TCCAACCTTCGGCAACGTCG,1098,730,0,0.0
TCCAACCTTCGGCAAGCACG,1080,681,0,0.0
TCCAACCTTCGTATGTAGCA,894,642,0,0.0
TCCAACCTTCTCTTGCCAAT,2245,1157,0,0.0
TCCAACGCAATCCTGTGCGC,720,549,0,0.0
TCCAACGCAATCTCTATCCA,812,604,0,0.0
TCCAAGGTATAAGCTTATTA,737,516,0,0.0
TCCAAGGTATTGAACGAGGT,615,484,0,0.0
TCCAATTATACACTTGTAAG,977,690,0,0.0
TCCAATTATACCGTAAGTGT,958,604,0,0.0
TCCAATTATATCTGTATGTT,1535,1025,0,0.0
TCCAGAACCGACTGGTCCGC,616,453,0,0.0
TCCAGAACCGAGGACACTCC,823,584,0,0.0
TCCAGAACCGCTAATTATTC,1439,893,0,0.0
TCCAGAACCGGGTAGTCTTA,1626,842,0,0.0
TCCAGAACCGGTAAGGAATC,1035,712,0,0.0
TCCAGTGTGTCGAATGTTGC,797,550,0,0.0
TCCAGTGTGTGAACGCTGGT,687,526,0,0.0
TCCATGTAATCTATTGGAAT,1443,829,0,0.0
TCCATGTAATGAGCGCATAA,1330,846,0,0.0
TCCATGTAATGCCTGCGCAT,1474,895,0,0.0
TCCGCATAGGGGCCGCTCAC,1518,833,0,0.0
TCCGCATAGGTGGTGCATCT,800,596,0,0.0
TCCGCATAGGTTAGTCTTGC,1287,861,0,0.0
TCCGCCGAATACGCGCTGCG,3084,1383,0,0.0
TCCGCCGAATACGTCCAGTC,559,451,0,0.0
TCCGCCGAATCCAATAGATC,842,612,0,0.0
TCCGCCGAATGCCTGCGCAT,1332,786,0,0.0
TCCGGCGGTCACAATAACGT,1944,1080,0,0.0
TCCGGCGGTCGGTGGATTAG,625,480,0,0.0
TCCGGCGGTCTGATTAGCTG,826,607,0,0.0
TCCGGTCCAGGCCAGTTGGA,551,456,0,0.0
TCCGTGCCGCCGTCAATAAC,676,467,0,0.0
TCCTACATTAAGAAGGTAAT,1274,663,0,0.0
TCCTACATTACGCTGTCCAA,921,549,0,0.0
TCCTACATTACGTGATAAGT,859,611,0,0.0
TCCTACATTAGTACACTGCG,1226,841,0,0.0
TCCTGTAGAATCCGACAACC,1162,699,0,0.0
TCCTTAAGTCCACAGCGAGA,1329,579,0,0.0
TCCTTAAGTCGCGAGTAGCG,750,559,0,0.0
TCCTTAAGTCGGAGTTAAGG,1782,1175,0,0.0
TCCTTAATGGCGTAAGAAGG,784,595,0,0.0
TCCTTAATGGTCGATTAGTC,1101,693,0,0.0
TCCTTCGGTACCTGTACTGG,835,591,0,0.0
TCCTTCGGTATCTTGGTACC,1278,915,0,0.0
TCGAACAATCACATGCATGG,603,462,0,0.0
TCGAACAATCCACGCGCACC,538,455,0,0.0
TCGAAGAACGCAACCTCTCA,706,534,0,0.0
TCGAAGTCGGTGAGCGACCA,1233,827,0,0.0
TCGAAGTCGGTTCATCTGGA,2565,770,0,0.0
TCGACGTGCGAACGCAGAGT,1395,788,0,0.0
TCGATGCCAGCCACGTTGAG,847,606,0,0.0
TCGATGCCAGCTCTCCTTAA,812,552,0,0.0
TCGATGCCAGTTACTTCGGC,564,453,0,0.0
TCGCCTTATTCTCCTGGATA,644,439,0,0.0
TCGCCTTATTGTCGTCAAGC,1603,970,0,0.0
TCGCGTAAGCCACCGTCTTC,1427,942,0,0.0
TCGCGTAAGCTGATGCTCTA,2911,1613,0,0.0
TCGCGTGACAACCGTGAGAG,628,519,0,0.0
TCGCGTGACAGGTGGATTAG,1338,707,0,0.0
TCGCTAAGAGGATGAGAACT,631,417,0,0.0
TCGCTAGGTCAAGCAATTGG,756,529,0,0.0
TCGCTAGGTCAATATGAGAG,2638,1466,0,0.0
TCGCTAGGTCACAACGCCTT,925,630,0,0.0
TCGCTAGGTCGGTACAAGCA,1107,774,0,0.0
TCGCTATCGGAGTGTATATT,2425,1207,0,0.0
TCGCTATCGGTTGCGCAAGT,1466,856,0,0.0
TCGCTCTTCATCGCAAGGCG,682,498,0,0.0
TCGCTTCAGTCTGGCAATGG,721,508,0,0.0
TCGGAATGCTAGAGGTGCTA,2013,1126,0,0.0
TCGGAATGCTGAGTATCGGT,1393,823,0,0.0
TCGGAATGCTGCTCCTAGCT,2749,1300,0,0.0
TCGGAATGCTTAATTACTGG,655,511,0,0.0
TCGGTCACTTAAGAGAGCGG,2613,1345,0,0.0
TCGGTCACTTAAGTGTCGCG,1650,981,0,0.0
TCGGTCACTTAGTCCTCGCG,593,447,0,0.0
TCGGTCACTTGTAGCACGGC,966,655,0,0.0
TCGGTCAGACTGAACCTATC,1979,1154,0,0.0
TCGGTGATCTGAGAGAAGGA,14105,3894,0,0.0
TCGTAGTGTGAGACATGCGT,1403,838,0,0.0
TCGTCGTCGCCAAGTAACCA,1307,801,0,0.0
TCGTCGTCGCGCCACGGTCT,2044,998,0,0.0
TCGTGGCGCGATCACTAATC,1859,1113,0,0.0
TCGTGGCGCGGCCAGCGGAA,620,477,0,0.0
TCGTTAGTCTGTCTGATTAT,2207,1196,0,0.0
TCGTTAGTCTTGTTCGTCGT,1108,780,0,0.0
TCTAACCATGAACGGTAATA,2922,1357,0,0.0
TCTAACCATGAATACGTTGA,5743,2312,0,0.0
TCTAACCATGCAACCTGCTC,3268,1464,0,0.0
TCTAACCATGGTACGAGTTC,908,621,0,0.0
TCTAACCATGTGGCAAGACA,2640,1421,0,0.0
TCTAACGGATCACGGATGAG,1219,655,0,0.0
TCTAAGACTCATGGACCATA,2732,1505,0,0.0
TCTAATGTTGACAGCGTTAG,1260,573,0,0.0
TCTAATGTTGGGCCACACGC,1658,982,0,0.0
TCTAATGTTGGTGATCGAGA,958,712,0,0.0
TCTAATGTTGTGCCTAACTT,830,638,0,0.0
TCTACAGAGCGGCTGCTGCT,1386,841,0,0.0
TCTACAGAGCTTACGTAACG,1393,826,0,0.0
TCTACAGCAACACTTACCAA,1145,517,0,0.0
TCTACAGCAATGCGCAGAGC,1775,1040,0,0.0
TCTACAGCAATGGCTTCTCG,802,540,0,0.0
TCTACGCTTCGCTCCGATAG,3392,1428,0,0.0
TCTACGCTTCTGTTCGTCGT,1377,899,0,0.0
TCTACTAATGAGCCGTGACC,832,567,0,0.0
TCTACTAATGCAGGCTCAGT,2220,1329,0,0.0
TCTAGATGCCACAGCGTTAG,1282,886,0,0.0
TCTAGATGCCGAAGGTGGTT,4074,1884,0,0.0
TCTCAACGCACAACGCGTTG,1373,938,0,0.0
TCTCAGGTAATCTTGCTGCT,3983,1741,0,0.0
TCTCGGCTGGAGGACGCCAG,1100,699,0,0.0
TCTCTGCAAGGCGAAGCACC,976,688,0,0.0
TCTCTGCAAGTGCCTCAATG,20908,5134,0,0.0
TCTGAATGACAAGCGGTCAA,1419,912,0,0.0
TCTGAATGACGCAACATATA,2930,1504,0,0.0
TCTGAATGACGGAATGATCT,2929,1661,0,0.0
TCTGAGCTCTAGCTACTTGT,1009,641,0,0.0
TCTGAGCTCTAGTGATATCA,1723,1053,0,0.0
TCTGGCGCATATAATTCAGG,4094,1884,0,0.0
TCTGGCGCATTTCTTGGTAC,2821,1418,0,0.0
TCTGGTGCGAGGTGGACATA,886,602,0,0.0
TCTGGTGCGAGTTACACTTA,722,540,0,0.0
TCTGTGATTGTGTTCGCACT,841,606,0,0.0
TCTTATCCGCGGAATCCGGT,853,611,0,0.0
TCTTCTGCTTAAGGCTTCTC,1081,725,0,0.0
TCTTCTGCTTATTCGCCACT,765,582,0,0.0
TCTTCTGCTTCCTGTAAGGT,971,667,0,0.0
TCTTCTGCTTGAGAACCTAA,511,412,0,0.0
TCTTGAGCCTTGTATTGAAG,2280,765,0,0.0
TCTTGGAGCAGCTAACTATT,1495,933,0,0.0
TGAATATGCCACCATCACTC,1633,990,0,0.0
TGAATATGCCACCGTACGGT,1299,805,0,0.0
TGAATCCACTAGTAGAGTAA,664,468,0,0.0
TGAATCCACTGGACATTCGG,670,519,0,0.0
TGACGACCGCAACGATTCAA,1610,882,0,0.0
TGACGACCGCCTGGCCACTG,3334,1649,0,0.0
TGACGACCGCTGCATTATTA,3665,1783,0,0.0
TGACGTTATCACCGGTGAGA,3026,1351,0,0.0
TGAGAATCGAGCCGCCATCA,740,511,0,0.0
TGAGCAAGGCCCGTAAGTGT,1072,708,0,0.0
TGAGCAAGGCGATGATCCGC,1124,806,0,0.0
TGAGCAAGGCGGAGCATCGG,1323,906,0,0.0
TGAGCAAGGCTTGCACCAAT,1099,766,0,0.0
TGAGCCTCGTTCCTCACTCA,3722,1689,0,0.0
TGAGCCTCGTTTCAGGAGGT,1382,923,0,0.0
TGAGGTAGGTCACCTACCGC,828,601,0,0.0
TGAGGTAGGTTCTGCAGCGT,500,409,0,0.0
TGAGGTTGTACATATCGGCC,919,517,0,0.0
TGAGGTTGTACCGACGCGGC,1595,877,0,0.0
TGAGGTTGTATCGTCGGCCG,1550,976,0,0.0
TGAGGTTGTATGGTGTCGCT,1021,694,0,0.0
TGAGTAGGTAATTAAGACTG,1032,661,0,0.0
TGATACGCCACAACAAGCCG,1664,955,0,0.0
TGATACGCCACAGACAATTC,1425,824,0,0.0
TGATACGCCAGCCAGAATGT,1602,1015,0,0.0
TGATACGCCATTAATACCAA,1689,953,0,0.0
TGATCAGTCAACATCATCTT,4719,2207,0,0.0
TGATCAGTCAACGATACCAA,1637,978,0,0.0
TGATCAGTCAATTCGCCACT,1755,993,0,0.0
TGATCAGTCACAGGATACTC,2062,1180,0,0.0
TGATGACTATACCGGTGAGA,1452,859,0,0.0
TGATGACTATAGAAGGTAAT,660,532,0,0.0
TGATGTTAATCCTATTGGAC,1421,1008,0,0.0
TGATGTTAATGACCTGTGAT,1268,810,0,0.0
TGATGTTAATTAATCCGGAT,784,604,0,0.0
TGATGTTAATTCACAAGGTT,2100,1125,0,0.0
TGATTACAGAATCTGTAGTA,8464,3310,0,0.0
TGATTACAGAGTCTGTGGAA,607,481,0,0.0
TGATTGACCGAGGTGATGAC,3451,1472,0,0.0
TGATTGACCGCAACACACAC,1811,1083,0,0.0
TGCAACTAGGACCATCACTC,695,537,0,0.0
TGCAACTAGGAGTGTTGTGC,2881,1437,0,0.0
TGCAACTAGGATATTATTAC,1115,759,0,0.0
TGCAACTAGGCAAGTGCTCC,1414,818,0,0.0
TGCAACTAGGGGAACGGCCT,518,387,0,0.0
TGCAACTAGGTAACAGCGAT,1032,740,0,0.0
TGCAACTAGGTATACATAGT,1662,963,0,0.0
TGCAAGACTTAGAGGTATTC,1264,824,0,0.0
TGCAAGACTTATTGTAATGT,887,601,0,0.0
TGCACCGAGTAGCGAGAACC,3802,1639,0,0.0
TGCACCGAGTAGGCTGAACG,1182,778,0,0.0
TGCACCGAGTTTCTTGGTAC,2554,1414,0,0.0
TGCACTCATTATCTGTAGTA,1099,715,0,0.0
TGCACTCATTCGGCCACGGC,1422,899,0,0.0
TGCACTCATTTGATTAGCTG,1024,701,0,0.0
TGCAGCGTGGACGGCCGAGG,507,397,0,0.0
TGCAGCGTGGAGATATGATC,1921,1190,0,0.0
TGCAGCGTGGCGGCCTGACG,3321,1743,0,0.0
TGCAGGCCTGGACGATACCG,507,405,0,0.0
TGCAGGCCTGTGTGGATCGG,2356,1202,0,0.0
TGCAGGTTCCAACATTACGG,586,437,0,0.0
TGCAGGTTCCAAGAAGTTAG,1263,792,0,0.0
TGCATCATCTCGCATATGTT,1196,774,0,0.0
TGCATCATCTCGTATGTCCA,1284,781,0,0.0
TGCATCGGTGATGCTTATGC,871,674,0,0.0
TGCATCGGTGGGCTCGTAGA,3535,1657,0,0.0
TGCATGCTGAATGTCACGCT,1454,691,0,0.0
TGCCAGTCTATAGCGAAGTT,951,606,0,0.0
TGCCAGTCTATCCTGCTTAG,4589,1746,0,0.0
TGCCAGTCTATCGGAGGTAG,764,374,0,0.0
TGCCATGACGCATAACTGTA,1655,910,0,0.0
TGCCATGACGCTGCGAACTG,969,714,0,0.0
TGCCGGTTAAACCTCTATTG,1219,826,0,0.0
TGCCGTCGATCACCTTGGAG,1109,676,0,0.0
TGCCTCCGTAAAGTAGTAAT,861,625,0,0.0
TGCCTCCGTAACTGAACGCC,816,577,0,0.0
TGCCTCCGTACATGGATCCA,902,621,0,0.0
TGCCTCCGTAGTTGATGGTA,568,435,0,0.0
TGCGAATGATGTAAGATTAG,1131,752,0,0.0
TGCGCCTCCGGGAATGATCT,930,635,0,0.0
TGCGCTATCTATGAAGGTGT,518,445,0,0.0
TGCGGACTCTGGCCTGGAGA,1380,809,0,0.0
TGCGGACTCTTGTTCGTCGT,2703,1387,0,0.0
TGCGGAGGTTACCGGTGAGA,764,532,0,0.0
TGCGGAGGTTTACACAGGCG,2351,1366,0,0.0
TGCGTCCATCCTCAATGACA,889,620,0,0.0
TGCGTCCATCTGCACCACAG,1887,1056,0,0.0
TGCGTGCCTAAGGTGTAGGA,741,564,0,0.0
TGCGTGCCTAGCATTACCGG,1063,737,0,0.0
TGCGTGCCTATTGTAGCCGA,1016,696,0,0.0
TGCTATAGGCTGTAATCGAT,883,602,0,0.0
TGCTATCTAGAGCAACGTTA,637,447,0,0.0
TGCTATCTAGCGTTGAGCAA,13434,3687,0,0.0
TGCTATCTAGGACCTGCGCC,1203,743,0,0.0
TGCTATCTAGTGTAGGATGG,727,459,0,0.0
TGCTCGCGGTAGTGAGTAAG,1104,623,0,0.0
TGCTCGCGGTCGGCGAATAT,817,637,0,0.0
TGCTCGCGGTCTGCAACGAC,1121,719,0,0.0
TGCTCTACCGGCGGCATAGC,864,638,0,0.0
TGCTGTTGGACCTATTGGAC,1580,622,0,0.0
TGCTGTTGGACTAATAGGTA,1368,904,0,0.0
TGGAAGTGTCCGAATATTAT,2005,1045,0,0.0
TGGAAGTGTCGGATATGTTG,2796,1502,0,0.0
TGGAAGTGTCTACACATGAC,600,495,0,0.0
TGGAATAGGTGAGTATCGGT,1484,1023,0,0.0
TGGACACCGCATGCTTGGTT,3459,1363,0,0.0
TGGACACCGCCTATTGTTAG,2514,944,0,0.0
TGGACACCGCGGATATGTTG,1469,999,0,0.0
TGGACACCGCGTAAGATTAG,1442,949,0,0.0
TGGAGCGCACATTGCTTAGC,667,502,0,0.0
TGGAGCGCACGTAAGGCGGT,1276,750,0,0.0
TGGAGCGGCGGAAGCGCCTG,3199,1550,0,0.0
TGGAGCGGCGGTCTACTGAT,803,540,0,0.0
TGGAGCGGCGTCAAGTCCTC,1221,803,0,0.0
TGGAGGTCGACAAGGCTGAC,1762,781,0,0.0
TGGATGATTCCCACGATGTT,3999,1789,0,0.0
TGGATGATTCGGTGGCCACC,843,569,0,0.0
TGGCAGTAAGAACTACGTAG,591,456,0,0.0
TGGCAGTAAGGTCGCGTTCA,854,420,0,0.0
TGGCCTCGAAATTACCAGAA,771,503,0,0.0
TGGCGCTAATCAACTAGATT,1064,731,0,0.0
TGGCGCTAATCACAGCGAGA,3815,1864,0,0.0
TGGCGCTAATTAGGTCGTTA,513,398,0,0.0
TGGCGCTAATTCATTACGAG,588,490,0,0.0
TGGTAATCCGACAACGCCTT,1451,843,0,0.0
TGGTAATGGCCTAATAGCCT,1093,733,0,0.0
TGGTCACCTTATACCAGAAG,1948,966,0,0.0
TGGTCACCTTTCCACTGTCA,995,532,0,0.0
TGGTCCGCAGTGACACCGGC,854,645,0,0.0
TGGTCCGTTCACGACCTTCG,682,443,0,0.0
TGGTCTAATATCCTGTGCGC,1392,913,0,0.0
TGGTGCAATCCCAAGTTAGC,1737,921,0,0.0
TGGTGCAATCCCACCGCATG,1108,643,0,0.0
TGGTGCGCGACACGAGAAGT,502,426,0,0.0
TGGTGCGCGAGCACGACGTA,690,545,0,0.0
TGGTTGCGCCCAGGACTATC,799,562,0,0.0
TGTAACCTAACTAGTCTGTC,887,593,0,0.0
TGTAGCTGAGAAGTAGTAAT,561,452,0,0.0
TGTAGCTGAGCCTACCGCTT,609,436,0,0.0
TGTAGCTGAGTCTCAGAACC,1679,971,0,0.0
TGTATGTTATACGACCTTCG,1100,831,0,0.0
TGTATGTTATCCACGATGTT,504,348,0,0.0
TGTATGTTATTATCCAGATT,1418,821,0,0.0
TGTATTGGCTCGGTGTAGCC,1011,690,0,0.0
TGTCAATACTTACAGGATTA,6885,2578,0,0.0
TGTCGCACATGCCGCAAGCG,538,425,0,0.0
TGTCGCTACCAGTGAGTAAG,1081,731,0,0.0
TGTGACCACAACGAGCGAGC,976,654,0,0.0
TGTGCACTGCAGAGGTGCTA,1334,871,0,0.0
TGTGCACTGCCATCTTACCA,1071,649,0,0.0
TGTGCACTGCTGAACAGGCT,2269,1242,0,0.0
TGTGCTGTCAGGCAAGCACG,961,684,0,0.0
TGTGGAGCTATACTCAACGG,3492,1432,0,0.0
TGTGTCAAGTGCACCGAATC,5666,2468,0,0.0
TGTGTTCCGCACAGCTGGCA,854,559,0,0.0
TGTGTTCCGCCATTCGGACT,905,667,0,0.0
TGTTAAGCGTGTGGTACAGG,1010,571,0,0.0
TGTTCAGGACCCAGAGATCG,1692,1056,0,0.0
TGTTCAGGACCTATTGGAAT,1118,679,0,0.0
TGTTCAGGACGCGAAGATAG,2922,1432,0,0.0
TGTTCGGATCACACTCTATC,1764,1036,0,0.0
TGTTCGGATCAGCCTCTAGC,986,741,0,0.0
TGTTCGGATCATAGCCACGC,1190,849,0,0.0
TGTTCGGATCGCCAGTTGGA,933,735,0,0.0
TTAACCGCGCTGCTATCCGT,1167,478,0,0.0
TTAAGCAATTACAGTCTGAG,1342,831,0,0.0
TTAAGCAATTATGAAGGTGT,705,528,0,0.0
TTAAGTGTAGTCTTGGTCTA,5385,2213,0,0.0
TTAAGTGTAGTTCAATTGAG,1086,740,0,0.0
TTAAGTTCGGGCAGAGCGAG,846,614,0,0.0
TTAAGTTCGGTCTTCGAGAG,1814,1090,0,0.0
TTAATGTCCGCCACCGCATG,735,561,0,0.0
TTAATTAACAGCCGCCACGC,853,602,0,0.0
TTAATTCATCACTTAGGCAG,821,509,0,0.0
TTAATTCATCCACAGGTGTC,1109,664,0,0.0
TTAATTCATCCCGTGCCGCA,1388,736,0,0.0
TTACAGAGCGAAGTTAATGG,646,514,0,0.0
TTACAGAGCGAGTATGCCAT,2608,1189,0,0.0
TTACAGAGCGGAGAGAAGGA,2344,1269,0,0.0
TTACAGAGCGTATGCCGATG,1119,693,0,0.0
TTACAGAGCGTCTGGATACA,1840,999,0,0.0
TTACAGTCGCAGAGCTCGCC,1034,634,0,0.0
TTACAGTCGCCACCTCCAGA,10122,3187,0,0.0
TTACAGTCGCCTCTTAAGCC,765,527,0,0.0
TTACAGTCGCGCGCTCATAC,3273,1702,0,0.0
TTACAGTCGCTTCTCTTGGT,1096,730,0,0.0
TTACCATCGGGCCGAGGCTC,2069,1328,0,0.0
TTACTAGACCCTCCACTCAC,1127,724,0,0.0
TTACTAGACCTTGAGGCGGC,2312,1190,0,0.0
TTACTGCAACATTCGCGAAC,603,402,0,0.0
TTACTGCAACCTCTCCACCA,651,522,0,0.0
TTACTGCAACGCGAAGCACC,1900,1172,0,0.0
TTACTGCAACTTATCCTACG,876,562,0,0.0
TTAGAAGATTCAGTCAGACA,1214,792,0,0.0
TTAGAAGATTCGTAAGTTAG,671,484,0,0.0
TTAGAAGATTGACCACTATT,1002,677,0,0.0
TTAGAAGATTGCTTATACAT,1397,939,0,0.0
TTAGAGAAGAACGTACATAA,966,648,0,0.0
TTAGAGAAGACACTATAAGA,1432,954,0,0.0
TTAGAGAAGATGAATGCGTG,758,622,0,0.0
TTAGAGAAGATTGAGTAGAA,2837,1516,0,0.0
TTAGCCTGACAAGCAATTGG,822,602,0,0.0
TTAGCCTGACGACCACTATT,3084,1447,0,0.0
TTAGCTTAGTGTGCGCCGAT,1021,709,0,0.0
TTAGTCAAGGGTTGGCTCGC,1454,982,0,0.0
TTAGTGGACGCACAGGTGTC,693,466,0,0.0
TTAGTGGACGCCGATGTAAG,2085,1149,0,0.0
TTAGTGGACGTTGGCGCACC,1419,815,0,0.0
TTATACGATGGCATCCGAGT,953,712,0,0.0
TTATATCGCAACGGTGCGCA,1064,745,0,0.0
TTATATCGCAGGTGTAGCGG,1921,863,0,0.0
TTATGGAGTTCCAGAGATCG,1281,902,0,0.0
TTATGGAGTTTGTAATTACA,2538,1290,0,0.0
TTCAATGTCTGGACTTCATC,1039,716,0,0.0
TTCAATGTCTGTCAATTAAT,1168,810,0,0.0
TTCAATGTCTTAATCTTCAT,1522,962,0,0.0
TTCACGGAAGCGGTTGATGT,913,609,0,0.0
TTCACGGAAGCTTCGAGCAC,1312,757,0,0.0
TTCACGGAAGTTATCCTACG,1148,741,0,0.0
TTCACTCGCTATTCGCCACT,740,552,0,0.0
TTCACTCGCTATTCTCCATA,530,453,0,0.0
TTCAGATCAGCAACAAGCCG,524,425,0,0.0
TTCAGATCAGGTTGGTAGTG,1348,961,0,0.0
TTCAGGCTTCACGATAATCA,1523,935,0,0.0
TTCAGGCTTCGAGTATGGCA,1414,884,0,0.0
TTCAGGCTTCGTCGGCAGTA,1304,693,0,0.0
TTCAGGTCCTCTCATCGCGC,762,587,0,0.0
TTCAGGTCCTTGGATCGACC,1137,789,0,0.0
TTCAGTCGGAACAGGATCAC,572,413,0,0.0
TTCAGTCGGAGACACAGTAA,2041,1187,0,0.0
TTCATAAGCAAGCCGTCTCG,859,581,0,0.0
TTCATGAATCCACCTTGGAG,4546,1753,0,0.0
TTCATGAATCCAGCCGTTAA,680,555,0,0.0
TTCATGAATCGGCTCGTAGA,1521,902,0,0.0
TTCATGAATCTGCGTGTGTG,1718,1021,0,0.0
TTCCACGGTATGTCTGGACG,595,383,0,0.0
TTCCAGATTCCGTAAGTTAG,750,577,0,0.0
TTCCATTACCATCATCAACA,769,564,0,0.0
TTCCATTACCCTTGTGGCGA,1181,764,0,0.0
TTCCGATATTAAGCACCGAT,1022,652,0,0.0
TTCCGATATTAGAAGCATCT,1151,735,0,0.0
TTCCGATATTATGGTCACGG,1519,1009,0,0.0
TTCCTCCTAGCGCACCAGTC,1090,739,0,0.0
TTCCTCCTAGTTACCGGTGG,598,422,0,0.0
TTCGACACTCACGGTGCGCA,796,559,0,0.0
TTCGACACTCCGACCAACCG,937,665,0,0.0
TTCGACACTCCTTAATCGCA,924,648,0,0.0
TTCGCCTTCCGAATTCACAA,1246,886,0,0.0
TTCGGACACCACTTGGAGAC,531,434,0,0.0
TTCGGACACCGTACTGGTAG,2126,1113,0,0.0
TTCGGACACCTATTCTACGT,678,505,0,0.0
TTCGGCTTGTATACGTGCCA,1139,811,0,0.0
TTCGGCTTGTCCATAGCACG,782,581,0,0.0
TTCGTCGATATTGCAGTGGT,783,509,0,0.0
TTCGTGCTCACTCCTGGATA,1188,815,0,0.0
TTCGTGCTCAGACACCATCC,1133,679,0,0.0
TTCTAATTCGAAGTCCACGA,765,478,0,0.0
TTCTGACTAACAATCCAGAC,941,672,0,0.0
TTCTGACTAATGAAGCAGAT,547,433,0,0.0
TTCTGGCACACATATTGCCG,543,454,0,0.0
TTCTGGCACACGTTGAGCAA,2210,1188,0,0.0
TTCTGGCTGTCTTGGTGTTC,907,622,0,0.0
TTGACGTACACTCTTCGCAT,2383,1303,0,0.0
TTGACGTACAGGCATTCTAA,3185,1400,0,0.0
TTGACGTACAGTACACTGCG,4352,1968,0,0.0
TTGACGTACATGCCAAGATT,990,717,0,0.0
TTGACGTACATTGAAGGCTA,863,601,0,0.0
TTGAGCACCGATTCGCCACT,1954,1013,0,0.0
TTGATGAGACACCATACGAG,1479,847,0,0.0
TTGATGAGACAGACCTGTTC,699,518,0,0.0
TTGATGAGACCATCTTGAAC,1184,738,0,0.0
TTGATGAGACCTGGCCACTG,2815,1489,0,0.0
TTGATTCCTAACATCATCTT,524,429,0,0.0
TTGATTCCTAAGAACCATTA,2429,1429,0,0.0
TTGCAGAACACTGGAAGCCG,1164,821,0,0.0
TTGCAGGAACGCTCGTGATC,2440,1265,0,0.0
TTGCAGGAACTACGGCACTA,846,562,0,0.0
TTGCTACGGATAAGGAGTTA,1032,701,0,0.0
TTGCTACGGATACTGCGGTG,2634,1293,0,0.0
TTGCTACGGATTGGCGCACC,2585,1378,0,0.0
TTGCTAGTGGGCGAGCAGTT,590,481,0,0.0
TTGCTAGTGGTGTTACATCA,2140,1319,0,0.0
TTGGATCACTAACGCAGAGT,2232,1136,0,0.0
TTGGATCACTAGTCCTCGCG,1929,1151,0,0.0
TTGGATCACTTGATTAGCTG,668,511,0,0.0
TTGGATCACTTTAGCTGGAG,1402,789,0,0.0
TTGGATCGGCAGGTAAGCAC,2276,1398,0,0.0
TTGGATGTGAACTGGTCCGC,1891,1115,0,0.0
TTGGATGTGAGCATCCGAGT,987,688,0,0.0
TTGGATGTGAGTCTGTGGAA,973,653,0,0.0
TTGGCTGTACTGGAATTCAT,757,545,0,0.0
TTGTCGAAGGCGCTATATCC,566,449,0,0.0
TTGTCGAAGGGCAACGATTG,1989,982,0,0.0
TTGTGCCACCCTGCGAACTG,893,645,0,0.0
TTGTGCCACCGAACGCTGGT,1950,801,0,0.0
TTGTGCCACCGTTGGTCTAA,1592,859,0,0.0
TTGTTCTTGGATGAGACAGC,1687,1118,0,0.0
TTGTTCTTGGCGGTGGTATG,1618,909,0,0.0
